,link,likes,comments
0,https://openprocessing.org/sketch/157801,95,4
1,https://openprocessing.org/sketch/951515,10,0
2,https://openprocessing.org/sketch/1010995,6,0
3,https://openprocessing.org/sketch/724561,59,2
4,https://openprocessing.org/sketch/1704100,7,0
5,https://openprocessing.org/sketch/140356,33,6
6,https://openprocessing.org/sketch/877921,5,0
7,https://openprocessing.org/sketch/892822,9,4
8,https://openprocessing.org/sketch/852033,4,20
9,https://openprocessing.org/sketch/1316867,6,0
10,https://openprocessing.org/sketch/783318,7,0
11,https://openprocessing.org/sketch/1513993,22,0
12,https://openprocessing.org/sketch/760669,62,7
13,https://openprocessing.org/sketch/1561900,66,2
14,https://openprocessing.org/sketch/81115,25,2
15,https://openprocessing.org/sketch/802928,5,0
16,https://openprocessing.org/sketch/1490804,9,2
17,https://openprocessing.org/sketch/1800599,17,0
18,https://openprocessing.org/sketch/523860,53,0
19,https://openprocessing.org/sketch/415084,8,0
20,https://openprocessing.org/sketch/841267,4,0
21,https://openprocessing.org/sketch/1740338,38,0
22,https://openprocessing.org/sketch/989882,13,0
23,https://openprocessing.org/sketch/1425864,8,0
24,https://openprocessing.org/sketch/955151,22,0
25,https://openprocessing.org/sketch/1776541,19,0
26,https://openprocessing.org/sketch/1128717,4,0
27,https://openprocessing.org/sketch/1558880,21,0
28,https://openprocessing.org/sketch/1142373,4,0
29,https://openprocessing.org/sketch/404210,6,1
30,https://openprocessing.org/sketch/100104,6,2
31,https://openprocessing.org/sketch/1103031,79,2
32,https://openprocessing.org/sketch/1550888,4,0
33,https://openprocessing.org/sketch/408742,38,0
34,https://openprocessing.org/sketch/1520641,4,0
35,https://openprocessing.org/sketch/385100,4,0
36,https://openprocessing.org/sketch/1244221,18,0
37,https://openprocessing.org/sketch/349988,5,1
38,https://openprocessing.org/sketch/434623,114,11
39,https://openprocessing.org/sketch/1322762,7,0
40,https://openprocessing.org/sketch/1140986,5,0
41,https://openprocessing.org/sketch/736958,8,0
42,https://openprocessing.org/sketch/925798,10,0
43,https://openprocessing.org/sketch/452137,17,3
44,https://openprocessing.org/sketch/1050798,5,0
45,https://openprocessing.org/sketch/674976,24,0
46,https://openprocessing.org/sketch/737789,4,0
47,https://openprocessing.org/sketch/817775,6,0
48,https://openprocessing.org/sketch/68964,4,0
49,https://openprocessing.org/sketch/494317,36,0
50,https://openprocessing.org/sketch/434842,13,0
51,https://openprocessing.org/sketch/603569,4,0
52,https://openprocessing.org/sketch/901009,4,0
53,https://openprocessing.org/sketch/1233848,10,0
54,https://openprocessing.org/sketch/390037,12,0
55,https://openprocessing.org/sketch/854236,4,0
56,https://openprocessing.org/sketch/1595990,25,0
57,https://openprocessing.org/sketch/887095,6,0
58,https://openprocessing.org/sketch/84306,10,1
59,https://openprocessing.org/sketch/1104951,6,0
60,https://openprocessing.org/sketch/736846,30,0
61,https://openprocessing.org/sketch/702331,8,0
62,https://openprocessing.org/sketch/905046,6,0
63,https://openprocessing.org/sketch/941598,10,0
64,https://openprocessing.org/sketch/199226,16,0
65,https://openprocessing.org/sketch/166952,35,0
66,https://openprocessing.org/sketch/407592,11,0
67,https://openprocessing.org/sketch/30805,318,7
68,https://openprocessing.org/sketch/929876,7,0
69,https://openprocessing.org/sketch/440190,4,0
70,https://openprocessing.org/sketch/133247,21,2
71,https://openprocessing.org/sketch/82583,5,0
72,https://openprocessing.org/sketch/1468098,9,0
73,https://openprocessing.org/sketch/396030,6,0
74,https://openprocessing.org/sketch/561836,13,1
75,https://openprocessing.org/sketch/458293,35,3
76,https://openprocessing.org/sketch/1719182,7,0
77,https://openprocessing.org/sketch/1608175,18,0
78,https://openprocessing.org/sketch/114705,9,0
79,https://openprocessing.org/sketch/926307,131,1
80,https://openprocessing.org/sketch/742693,4,0
81,https://openprocessing.org/sketch/677593,4,0
82,https://openprocessing.org/sketch/402699,63,0
83,https://openprocessing.org/sketch/795491,16,0
84,https://openprocessing.org/sketch/1559442,4,0
85,https://openprocessing.org/sketch/205958,4,0
86,https://openprocessing.org/sketch/155164,18,0
87,https://openprocessing.org/sketch/1609977,21,0
88,https://openprocessing.org/sketch/401016,10,0
89,https://openprocessing.org/sketch/1471189,18,0
90,https://openprocessing.org/sketch/433829,5,0
91,https://openprocessing.org/sketch/624602,4,3
92,https://openprocessing.org/sketch/427799,6,0
93,https://openprocessing.org/sketch/432209,4,0
94,https://openprocessing.org/sketch/190423,14,0
95,https://openprocessing.org/sketch/1223495,5,0
96,https://openprocessing.org/sketch/1705825,108,0
97,https://openprocessing.org/sketch/447547,34,0
98,https://openprocessing.org/sketch/686589,7,0
99,https://openprocessing.org/sketch/898157,7,0
100,https://openprocessing.org/sketch/1152093,8,0
101,https://openprocessing.org/sketch/470063,6,0
102,https://openprocessing.org/sketch/1102275,9,0
103,https://openprocessing.org/sketch/742750,91,9
104,https://openprocessing.org/sketch/924481,4,0
105,https://openprocessing.org/sketch/1184321,6,0
106,https://openprocessing.org/sketch/1358579,58,1
107,https://openprocessing.org/sketch/1223485,84,3
108,https://openprocessing.org/sketch/476771,4,0
109,https://openprocessing.org/sketch/413609,82,0
110,https://openprocessing.org/sketch/850424,4,0
111,https://openprocessing.org/sketch/422121,6,0
112,https://openprocessing.org/sketch/1396120,4,0
113,https://openprocessing.org/sketch/137534,7,0
114,https://openprocessing.org/sketch/451192,35,10
115,https://openprocessing.org/sketch/739068,5,0
116,https://openprocessing.org/sketch/1617405,13,0
117,https://openprocessing.org/sketch/1645787,78,0
118,https://openprocessing.org/sketch/360415,32,4
119,https://openprocessing.org/sketch/152198,19,2
120,https://openprocessing.org/sketch/1005149,225,4
121,https://openprocessing.org/sketch/442253,5,0
122,https://openprocessing.org/sketch/1006709,6,0
123,https://openprocessing.org/sketch/886850,49,0
124,https://openprocessing.org/sketch/1419603,8,0
125,https://openprocessing.org/sketch/1609947,22,0
126,https://openprocessing.org/sketch/714045,5,0
127,https://openprocessing.org/sketch/397091,19,0
128,https://openprocessing.org/sketch/765492,5,0
129,https://openprocessing.org/sketch/410933,7,0
130,https://openprocessing.org/sketch/658026,6,0
131,https://openprocessing.org/sketch/192912,448,5
132,https://openprocessing.org/sketch/1280285,4,0
133,https://openprocessing.org/sketch/183175,13,1
134,https://openprocessing.org/sketch/198869,8,0
135,https://openprocessing.org/sketch/1720271,23,0
136,https://openprocessing.org/sketch/906858,4,0
137,https://openprocessing.org/sketch/203844,53,2
138,https://openprocessing.org/sketch/396858,7,0
139,https://openprocessing.org/sketch/144343,5,0
140,https://openprocessing.org/sketch/152497,4,0
141,https://openprocessing.org/sketch/1429438,4,0
142,https://openprocessing.org/sketch/446236,6,0
143,https://openprocessing.org/sketch/421704,18,0
144,https://openprocessing.org/sketch/1488223,5,0
145,https://openprocessing.org/sketch/49647,10,1
146,https://openprocessing.org/sketch/900418,11,3
147,https://openprocessing.org/sketch/569405,4,0
148,https://openprocessing.org/sketch/452509,29,0
149,https://openprocessing.org/sketch/905375,20,0
150,https://openprocessing.org/sketch/171936,20,3
151,https://openprocessing.org/sketch/1409712,10,0
152,https://openprocessing.org/sketch/887263,5,2
153,https://openprocessing.org/sketch/1338731,4,0
154,https://openprocessing.org/sketch/1311175,4,0
155,https://openprocessing.org/sketch/1217176,6,0
156,https://openprocessing.org/sketch/923849,12,0
157,https://openprocessing.org/sketch/158970,8,0
158,https://openprocessing.org/sketch/212886,10,0
159,https://openprocessing.org/sketch/897907,6,0
160,https://openprocessing.org/sketch/416005,4,0
161,https://openprocessing.org/sketch/699241,5,0
162,https://openprocessing.org/sketch/392006,37,1
163,https://openprocessing.org/sketch/838130,16,2
164,https://openprocessing.org/sketch/842866,4,0
165,https://openprocessing.org/sketch/434213,5,0
166,https://openprocessing.org/sketch/667405,7,0
167,https://openprocessing.org/sketch/904242,8,1
168,https://openprocessing.org/sketch/1226921,38,0
169,https://openprocessing.org/sketch/693922,31,8
170,https://openprocessing.org/sketch/557594,5,0
171,https://openprocessing.org/sketch/781343,59,12
172,https://openprocessing.org/sketch/402258,4,0
173,https://openprocessing.org/sketch/402474,4,1
174,https://openprocessing.org/sketch/510368,7,0
175,https://openprocessing.org/sketch/158057,25,5
176,https://openprocessing.org/sketch/579936,14,0
177,https://openprocessing.org/sketch/426300,16,0
178,https://openprocessing.org/sketch/1581778,4,0
179,https://openprocessing.org/sketch/373080,6,0
180,https://openprocessing.org/sketch/407824,4,0
181,https://openprocessing.org/sketch/954739,8,0
182,https://openprocessing.org/sketch/926462,4,0
183,https://openprocessing.org/sketch/1059422,9,0
184,https://openprocessing.org/sketch/1604125,4,0
185,https://openprocessing.org/sketch/1605039,17,0
186,https://openprocessing.org/sketch/1615787,83,0
187,https://openprocessing.org/sketch/159891,24,0
188,https://openprocessing.org/sketch/1072843,14,0
189,https://openprocessing.org/sketch/1227626,6,0
190,https://openprocessing.org/sketch/476157,235,2
191,https://openprocessing.org/sketch/262415,20,0
192,https://openprocessing.org/sketch/569939,15,0
193,https://openprocessing.org/sketch/1552996,15,0
194,https://openprocessing.org/sketch/427107,9,0
195,https://openprocessing.org/sketch/1293878,12,0
196,https://openprocessing.org/sketch/108501,61,4
197,https://openprocessing.org/sketch/144703,8,0
198,https://openprocessing.org/sketch/155350,218,12
199,https://openprocessing.org/sketch/25145,4,0
200,https://openprocessing.org/sketch/414485,5,0
201,https://openprocessing.org/sketch/663729,4,4
202,https://openprocessing.org/sketch/1750025,12,2
203,https://openprocessing.org/sketch/945393,4,0
204,https://openprocessing.org/sketch/1608547,15,0
205,https://openprocessing.org/sketch/998107,8,0
206,https://openprocessing.org/sketch/1634367,8,0
207,https://openprocessing.org/sketch/143525,4,0
208,https://openprocessing.org/sketch/1560359,62,0
209,https://openprocessing.org/sketch/919223,16,0
210,https://openprocessing.org/sketch/648642,4,0
211,https://openprocessing.org/sketch/1666410,4,0
212,https://openprocessing.org/sketch/126134,20,0
213,https://openprocessing.org/sketch/467331,5,0
214,https://openprocessing.org/sketch/1475069,4,0
215,https://openprocessing.org/sketch/111470,26,8
216,https://openprocessing.org/sketch/1084587,6,0
217,https://openprocessing.org/sketch/1565280,5,0
218,https://openprocessing.org/sketch/814708,4,0
219,https://openprocessing.org/sketch/1189377,14,0
220,https://openprocessing.org/sketch/1436543,5,0
221,https://openprocessing.org/sketch/352591,13,1
222,https://openprocessing.org/sketch/397496,44,0
223,https://openprocessing.org/sketch/223624,9,0
224,https://openprocessing.org/sketch/929773,4,0
225,https://openprocessing.org/sketch/1099839,14,0
226,https://openprocessing.org/sketch/397084,8,0
227,https://openprocessing.org/sketch/965536,14,0
228,https://openprocessing.org/sketch/1015276,9,0
229,https://openprocessing.org/sketch/1083630,6,0
230,https://openprocessing.org/sketch/1453803,5,0
231,https://openprocessing.org/sketch/1633144,62,1
232,https://openprocessing.org/sketch/71971,4,0
233,https://openprocessing.org/sketch/682118,13,1
234,https://openprocessing.org/sketch/789030,4,0
235,https://openprocessing.org/sketch/1431312,8,0
236,https://openprocessing.org/sketch/1214562,15,0
237,https://openprocessing.org/sketch/423500,8,0
238,https://openprocessing.org/sketch/976589,6,0
239,https://openprocessing.org/sketch/1522265,7,0
240,https://openprocessing.org/sketch/403948,4,0
241,https://openprocessing.org/sketch/1144789,14,0
242,https://openprocessing.org/sketch/1611059,4,0
243,https://openprocessing.org/sketch/1664999,4,0
244,https://openprocessing.org/sketch/1436517,50,0
245,https://openprocessing.org/sketch/1533577,18,0
246,https://openprocessing.org/sketch/794100,7,0
247,https://openprocessing.org/sketch/1006187,4,0
248,https://openprocessing.org/sketch/8192,5,1
249,https://openprocessing.org/sketch/107738,6,0
250,https://openprocessing.org/sketch/412374,8,0
251,https://openprocessing.org/sketch/1563837,8,0
252,https://openprocessing.org/sketch/92421,63,0
253,https://openprocessing.org/sketch/190796,23,0
254,https://openprocessing.org/sketch/889973,6,0
255,https://openprocessing.org/sketch/565139,8,0
256,https://openprocessing.org/sketch/1072334,11,0
257,https://openprocessing.org/sketch/918484,266,9
258,https://openprocessing.org/sketch/445834,17,0
259,https://openprocessing.org/sketch/144234,41,0
260,https://openprocessing.org/sketch/214465,4,0
261,https://openprocessing.org/sketch/198537,27,0
262,https://openprocessing.org/sketch/1794738,4,0
263,https://openprocessing.org/sketch/958584,31,1
264,https://openprocessing.org/sketch/218937,39,0
265,https://openprocessing.org/sketch/1039062,4,0
266,https://openprocessing.org/sketch/426434,18,0
267,https://openprocessing.org/sketch/1292420,14,0
268,https://openprocessing.org/sketch/1160815,4,0
269,https://openprocessing.org/sketch/197019,22,0
270,https://openprocessing.org/sketch/1453300,88,0
271,https://openprocessing.org/sketch/917383,10,0
272,https://openprocessing.org/sketch/102677,25,4
273,https://openprocessing.org/sketch/128188,49,5
274,https://openprocessing.org/sketch/466768,4,0
275,https://openprocessing.org/sketch/1589711,32,0
276,https://openprocessing.org/sketch/446476,6,4
277,https://openprocessing.org/sketch/581241,9,0
278,https://openprocessing.org/sketch/1049983,10,0
279,https://openprocessing.org/sketch/1123388,8,0
280,https://openprocessing.org/sketch/886757,8,0
281,https://openprocessing.org/sketch/384060,37,0
282,https://openprocessing.org/sketch/122656,10,2
283,https://openprocessing.org/sketch/727519,32,1
284,https://openprocessing.org/sketch/803072,4,0
285,https://openprocessing.org/sketch/928821,5,0
286,https://openprocessing.org/sketch/540375,23,0
287,https://openprocessing.org/sketch/912290,4,0
288,https://openprocessing.org/sketch/1582080,64,0
289,https://openprocessing.org/sketch/939445,4,0
290,https://openprocessing.org/sketch/908635,7,2
291,https://openprocessing.org/sketch/941104,6,0
292,https://openprocessing.org/sketch/833789,8,0
293,https://openprocessing.org/sketch/410182,5,0
294,https://openprocessing.org/sketch/1209726,12,0
295,https://openprocessing.org/sketch/790527,5,0
296,https://openprocessing.org/sketch/181034,16,2
297,https://openprocessing.org/sketch/153776,7,0
298,https://openprocessing.org/sketch/1056408,4,2
299,https://openprocessing.org/sketch/767649,7,0
300,https://openprocessing.org/sketch/322162,22,0
301,https://openprocessing.org/sketch/319941,44,1
302,https://openprocessing.org/sketch/313740,8,0
303,https://openprocessing.org/sketch/833448,6,6
304,https://openprocessing.org/sketch/419709,9,0
305,https://openprocessing.org/sketch/715038,79,0
306,https://openprocessing.org/sketch/1749574,8,0
307,https://openprocessing.org/sketch/1024376,6,0
308,https://openprocessing.org/sketch/696728,25,0
309,https://openprocessing.org/sketch/226786,6,0
310,https://openprocessing.org/sketch/565153,8,0
311,https://openprocessing.org/sketch/1624596,4,0
312,https://openprocessing.org/sketch/615931,8,2
313,https://openprocessing.org/sketch/1521051,4,0
314,https://openprocessing.org/sketch/1368901,6,0
315,https://openprocessing.org/sketch/1608682,12,0
316,https://openprocessing.org/sketch/1701846,68,0
317,https://openprocessing.org/sketch/1217963,4,0
318,https://openprocessing.org/sketch/1626645,4,0
319,https://openprocessing.org/sketch/418088,13,6
320,https://openprocessing.org/sketch/872549,17,0
321,https://openprocessing.org/sketch/1242445,37,0
322,https://openprocessing.org/sketch/392392,17,0
323,https://openprocessing.org/sketch/406179,6,0
324,https://openprocessing.org/sketch/429040,4,0
325,https://openprocessing.org/sketch/47984,4,0
326,https://openprocessing.org/sketch/443488,10,1
327,https://openprocessing.org/sketch/496502,4,0
328,https://openprocessing.org/sketch/1373633,6,0
329,https://openprocessing.org/sketch/425112,6,0
330,https://openprocessing.org/sketch/611524,5,0
331,https://openprocessing.org/sketch/1608236,20,0
332,https://openprocessing.org/sketch/555440,4,0
333,https://openprocessing.org/sketch/689790,11,0
334,https://openprocessing.org/sketch/390650,5,0
335,https://openprocessing.org/sketch/107042,188,3
336,https://openprocessing.org/sketch/493889,20,1
337,https://openprocessing.org/sketch/783234,110,2
338,https://openprocessing.org/sketch/1655848,9,1
339,https://openprocessing.org/sketch/483015,19,0
340,https://openprocessing.org/sketch/798342,30,3
341,https://openprocessing.org/sketch/1238854,5,0
342,https://openprocessing.org/sketch/1217801,93,3
343,https://openprocessing.org/sketch/715861,20,1
344,https://openprocessing.org/sketch/1257561,21,0
345,https://openprocessing.org/sketch/727900,6,0
346,https://openprocessing.org/sketch/534513,4,0
347,https://openprocessing.org/sketch/477298,4,0
348,https://openprocessing.org/sketch/1034560,11,0
349,https://openprocessing.org/sketch/891644,7,0
350,https://openprocessing.org/sketch/1128196,5,0
351,https://openprocessing.org/sketch/422944,6,1
352,https://openprocessing.org/sketch/1189710,8,0
353,https://openprocessing.org/sketch/833612,4,0
354,https://openprocessing.org/sketch/228151,4,0
355,https://openprocessing.org/sketch/996960,44,1
356,https://openprocessing.org/sketch/338070,21,7
357,https://openprocessing.org/sketch/426041,13,0
358,https://openprocessing.org/sketch/1442287,4,0
359,https://openprocessing.org/sketch/148000,31,0
360,https://openprocessing.org/sketch/1191441,7,0
361,https://openprocessing.org/sketch/852403,4,0
362,https://openprocessing.org/sketch/94539,7,1
363,https://openprocessing.org/sketch/1003909,10,0
364,https://openprocessing.org/sketch/1531073,18,0
365,https://openprocessing.org/sketch/706060,9,0
366,https://openprocessing.org/sketch/185171,4,1
367,https://openprocessing.org/sketch/1132902,6,0
368,https://openprocessing.org/sketch/1541552,93,3
369,https://openprocessing.org/sketch/1242562,8,0
370,https://openprocessing.org/sketch/155646,5,0
371,https://openprocessing.org/sketch/412247,9,0
372,https://openprocessing.org/sketch/949699,33,0
373,https://openprocessing.org/sketch/649386,4,0
374,https://openprocessing.org/sketch/182073,5,0
375,https://openprocessing.org/sketch/644487,4,0
376,https://openprocessing.org/sketch/414437,5,0
377,https://openprocessing.org/sketch/482681,9,0
378,https://openprocessing.org/sketch/939084,5,0
379,https://openprocessing.org/sketch/689146,4,2
380,https://openprocessing.org/sketch/477299,4,0
381,https://openprocessing.org/sketch/619145,6,0
382,https://openprocessing.org/sketch/1471274,12,0
383,https://openprocessing.org/sketch/1244421,4,0
384,https://openprocessing.org/sketch/167507,6,0
385,https://openprocessing.org/sketch/1469421,22,0
386,https://openprocessing.org/sketch/977068,4,0
387,https://openprocessing.org/sketch/800900,5,0
388,https://openprocessing.org/sketch/1298742,4,0
389,https://openprocessing.org/sketch/652581,7,0
390,https://openprocessing.org/sketch/1441770,4,0
391,https://openprocessing.org/sketch/584559,38,1
392,https://openprocessing.org/sketch/837275,5,0
393,https://openprocessing.org/sketch/456589,16,15
394,https://openprocessing.org/sketch/482651,4,0
395,https://openprocessing.org/sketch/1362028,18,0
396,https://openprocessing.org/sketch/960409,5,0
397,https://openprocessing.org/sketch/788432,5,0
398,https://openprocessing.org/sketch/1081114,12,0
399,https://openprocessing.org/sketch/131109,37,0
400,https://openprocessing.org/sketch/1040688,6,0
401,https://openprocessing.org/sketch/1623695,17,0
402,https://openprocessing.org/sketch/87667,16,0
403,https://openprocessing.org/sketch/1805472,10,0
404,https://openprocessing.org/sketch/1090828,9,0
405,https://openprocessing.org/sketch/932950,14,0
406,https://openprocessing.org/sketch/1598458,65,1
407,https://openprocessing.org/sketch/739819,5,2
408,https://openprocessing.org/sketch/103327,6,1
409,https://openprocessing.org/sketch/934250,9,0
410,https://openprocessing.org/sketch/1385305,29,1
411,https://openprocessing.org/sketch/1355239,7,0
412,https://openprocessing.org/sketch/165958,9,0
413,https://openprocessing.org/sketch/1263674,22,0
414,https://openprocessing.org/sketch/682997,24,7
415,https://openprocessing.org/sketch/1182917,8,0
416,https://openprocessing.org/sketch/1681568,26,0
417,https://openprocessing.org/sketch/1021670,4,0
418,https://openprocessing.org/sketch/789267,7,0
419,https://openprocessing.org/sketch/534743,7,0
420,https://openprocessing.org/sketch/844745,6,0
421,https://openprocessing.org/sketch/201629,40,3
422,https://openprocessing.org/sketch/1667158,4,0
423,https://openprocessing.org/sketch/455868,147,5
424,https://openprocessing.org/sketch/443844,5,5
425,https://openprocessing.org/sketch/1189493,75,1
426,https://openprocessing.org/sketch/398400,1081,17
427,https://openprocessing.org/sketch/419366,4,0
428,https://openprocessing.org/sketch/135789,14,0
429,https://openprocessing.org/sketch/109989,5,0
430,https://openprocessing.org/sketch/602714,8,1
431,https://openprocessing.org/sketch/505649,5,0
432,https://openprocessing.org/sketch/1704022,5,0
433,https://openprocessing.org/sketch/433878,6,0
434,https://openprocessing.org/sketch/872766,17,1
435,https://openprocessing.org/sketch/733558,5,0
436,https://openprocessing.org/sketch/734501,7,3
437,https://openprocessing.org/sketch/554711,8,0
438,https://openprocessing.org/sketch/960987,5,0
439,https://openprocessing.org/sketch/442379,9,1
440,https://openprocessing.org/sketch/615893,13,0
441,https://openprocessing.org/sketch/794019,4,0
442,https://openprocessing.org/sketch/677682,6,0
443,https://openprocessing.org/sketch/106168,8,2
444,https://openprocessing.org/sketch/1520625,14,1
445,https://openprocessing.org/sketch/407620,43,0
446,https://openprocessing.org/sketch/489663,23,0
447,https://openprocessing.org/sketch/1611167,10,0
448,https://openprocessing.org/sketch/300683,16,4
449,https://openprocessing.org/sketch/581262,4,0
450,https://openprocessing.org/sketch/750965,10,0
451,https://openprocessing.org/sketch/1238464,8,0
452,https://openprocessing.org/sketch/863055,27,4
453,https://openprocessing.org/sketch/1228772,5,0
454,https://openprocessing.org/sketch/869062,11,0
455,https://openprocessing.org/sketch/1029981,7,1
456,https://openprocessing.org/sketch/31248,18,1
457,https://openprocessing.org/sketch/1596609,8,0
458,https://openprocessing.org/sketch/446575,9,1
459,https://openprocessing.org/sketch/427496,7,1
460,https://openprocessing.org/sketch/162169,107,6
461,https://openprocessing.org/sketch/415316,13,0
462,https://openprocessing.org/sketch/477252,6,0
463,https://openprocessing.org/sketch/659730,4,0
464,https://openprocessing.org/sketch/571206,7,0
465,https://openprocessing.org/sketch/911308,4,0
466,https://openprocessing.org/sketch/891143,55,1
467,https://openprocessing.org/sketch/990161,5,0
468,https://openprocessing.org/sketch/1490997,7,0
469,https://openprocessing.org/sketch/1172914,11,1
470,https://openprocessing.org/sketch/869641,10,0
471,https://openprocessing.org/sketch/269457,5,0
472,https://openprocessing.org/sketch/1085706,4,0
473,https://openprocessing.org/sketch/157033,5,0
474,https://openprocessing.org/sketch/419886,6,0
475,https://openprocessing.org/sketch/277619,4,0
476,https://openprocessing.org/sketch/138964,21,6
477,https://openprocessing.org/sketch/1057462,13,0
478,https://openprocessing.org/sketch/1468270,4,0
479,https://openprocessing.org/sketch/145457,19,0
480,https://openprocessing.org/sketch/739353,13,1
481,https://openprocessing.org/sketch/807146,4,0
482,https://openprocessing.org/sketch/600225,6,0
483,https://openprocessing.org/sketch/650853,4,3
484,https://openprocessing.org/sketch/847601,4,0
485,https://openprocessing.org/sketch/830679,8,0
486,https://openprocessing.org/sketch/781934,5,0
487,https://openprocessing.org/sketch/1162028,5,0
488,https://openprocessing.org/sketch/483109,64,1
489,https://openprocessing.org/sketch/464195,13,0
490,https://openprocessing.org/sketch/523754,8,0
491,https://openprocessing.org/sketch/403078,70,7
492,https://openprocessing.org/sketch/760815,4,0
493,https://openprocessing.org/sketch/756526,65,0
494,https://openprocessing.org/sketch/1126556,42,2
495,https://openprocessing.org/sketch/1452035,11,2
496,https://openprocessing.org/sketch/898406,37,17
497,https://openprocessing.org/sketch/558866,6,0
498,https://openprocessing.org/sketch/1558382,4,0
499,https://openprocessing.org/sketch/335573,13,0
500,https://openprocessing.org/sketch/1576517,4,0
501,https://openprocessing.org/sketch/101118,6,1
502,https://openprocessing.org/sketch/441861,6,0
503,https://openprocessing.org/sketch/976810,11,0
504,https://openprocessing.org/sketch/379015,37,0
505,https://openprocessing.org/sketch/943296,5,0
506,https://openprocessing.org/sketch/1004245,6,0
507,https://openprocessing.org/sketch/1176819,4,0
508,https://openprocessing.org/sketch/695425,10,0
509,https://openprocessing.org/sketch/745779,4,3
510,https://openprocessing.org/sketch/407109,4,0
511,https://openprocessing.org/sketch/580881,7,0
512,https://openprocessing.org/sketch/817420,5,0
513,https://openprocessing.org/sketch/1251521,5,0
514,https://openprocessing.org/sketch/972026,17,1
515,https://openprocessing.org/sketch/901362,4,0
516,https://openprocessing.org/sketch/1448390,64,0
517,https://openprocessing.org/sketch/594498,4,0
518,https://openprocessing.org/sketch/557184,11,0
519,https://openprocessing.org/sketch/409053,17,6
520,https://openprocessing.org/sketch/1387649,6,1
521,https://openprocessing.org/sketch/1265682,14,0
522,https://openprocessing.org/sketch/728556,4,0
523,https://openprocessing.org/sketch/1180979,6,0
524,https://openprocessing.org/sketch/27252,57,5
525,https://openprocessing.org/sketch/514478,7,0
526,https://openprocessing.org/sketch/1627202,4,0
527,https://openprocessing.org/sketch/1372881,5,2
528,https://openprocessing.org/sketch/74153,19,4
529,https://openprocessing.org/sketch/477325,5,0
530,https://openprocessing.org/sketch/738770,4,0
531,https://openprocessing.org/sketch/1110662,4,0
532,https://openprocessing.org/sketch/512441,45,5
533,https://openprocessing.org/sketch/816699,4,0
534,https://openprocessing.org/sketch/306808,6,0
535,https://openprocessing.org/sketch/618489,11,0
536,https://openprocessing.org/sketch/1116247,13,2
537,https://openprocessing.org/sketch/876474,4,0
538,https://openprocessing.org/sketch/1612557,29,0
539,https://openprocessing.org/sketch/397066,4,0
540,https://openprocessing.org/sketch/632175,11,0
541,https://openprocessing.org/sketch/1339477,14,0
542,https://openprocessing.org/sketch/1382228,29,0
543,https://openprocessing.org/sketch/1235786,6,0
544,https://openprocessing.org/sketch/477144,4,0
545,https://openprocessing.org/sketch/1105679,7,0
546,https://openprocessing.org/sketch/374441,89,1
547,https://openprocessing.org/sketch/360239,178,8
548,https://openprocessing.org/sketch/101037,8,0
549,https://openprocessing.org/sketch/857848,8,0
550,https://openprocessing.org/sketch/1159084,16,0
551,https://openprocessing.org/sketch/512246,7,0
552,https://openprocessing.org/sketch/1218100,15,0
553,https://openprocessing.org/sketch/407326,5,0
554,https://openprocessing.org/sketch/856232,5,0
555,https://openprocessing.org/sketch/1414389,38,0
556,https://openprocessing.org/sketch/1253988,8,0
557,https://openprocessing.org/sketch/210401,7,0
558,https://openprocessing.org/sketch/1293598,20,0
559,https://openprocessing.org/sketch/561189,20,12
560,https://openprocessing.org/sketch/1793492,5,0
561,https://openprocessing.org/sketch/414746,9,0
562,https://openprocessing.org/sketch/407410,30,0
563,https://openprocessing.org/sketch/825149,8,0
564,https://openprocessing.org/sketch/830739,5,0
565,https://openprocessing.org/sketch/761227,4,0
566,https://openprocessing.org/sketch/696867,45,2
567,https://openprocessing.org/sketch/165850,7,0
568,https://openprocessing.org/sketch/1533971,5,0
569,https://openprocessing.org/sketch/1590940,13,0
570,https://openprocessing.org/sketch/89229,4,0
571,https://openprocessing.org/sketch/429697,13,0
572,https://openprocessing.org/sketch/735875,58,23
573,https://openprocessing.org/sketch/453941,8,0
574,https://openprocessing.org/sketch/830352,14,0
575,https://openprocessing.org/sketch/1055075,4,0
576,https://openprocessing.org/sketch/876814,7,0
577,https://openprocessing.org/sketch/165817,4,0
578,https://openprocessing.org/sketch/856524,6,0
579,https://openprocessing.org/sketch/1254516,4,0
580,https://openprocessing.org/sketch/952794,8,0
581,https://openprocessing.org/sketch/173033,8,0
582,https://openprocessing.org/sketch/1265231,4,0
583,https://openprocessing.org/sketch/3650,15,2
584,https://openprocessing.org/sketch/736551,6,0
585,https://openprocessing.org/sketch/1241787,9,0
586,https://openprocessing.org/sketch/1295899,18,0
587,https://openprocessing.org/sketch/113401,13,0
588,https://openprocessing.org/sketch/913753,4,5
589,https://openprocessing.org/sketch/1311143,6,0
590,https://openprocessing.org/sketch/858581,4,0
591,https://openprocessing.org/sketch/644761,57,0
592,https://openprocessing.org/sketch/1235213,11,0
593,https://openprocessing.org/sketch/1024835,11,0
594,https://openprocessing.org/sketch/666698,10,0
595,https://openprocessing.org/sketch/1462313,5,0
596,https://openprocessing.org/sketch/651847,77,3
597,https://openprocessing.org/sketch/162655,6,0
598,https://openprocessing.org/sketch/966894,4,0
599,https://openprocessing.org/sketch/524990,7,0
600,https://openprocessing.org/sketch/1615840,11,0
601,https://openprocessing.org/sketch/1118482,15,5
602,https://openprocessing.org/sketch/412382,5,0
603,https://openprocessing.org/sketch/1415435,31,0
604,https://openprocessing.org/sketch/201362,53,2
605,https://openprocessing.org/sketch/889365,14,0
606,https://openprocessing.org/sketch/411285,8,0
607,https://openprocessing.org/sketch/750784,60,5
608,https://openprocessing.org/sketch/1102832,6,0
609,https://openprocessing.org/sketch/1207848,6,0
610,https://openprocessing.org/sketch/1353322,4,0
611,https://openprocessing.org/sketch/803038,6,0
612,https://openprocessing.org/sketch/650033,7,0
613,https://openprocessing.org/sketch/928943,184,0
614,https://openprocessing.org/sketch/204352,104,5
615,https://openprocessing.org/sketch/1420289,4,0
616,https://openprocessing.org/sketch/840793,6,4
617,https://openprocessing.org/sketch/218880,7,0
618,https://openprocessing.org/sketch/838206,5,0
619,https://openprocessing.org/sketch/794602,13,0
620,https://openprocessing.org/sketch/889095,12,0
621,https://openprocessing.org/sketch/435687,4,0
622,https://openprocessing.org/sketch/755955,4,0
623,https://openprocessing.org/sketch/493514,5,0
624,https://openprocessing.org/sketch/1024194,4,0
625,https://openprocessing.org/sketch/1483510,4,0
626,https://openprocessing.org/sketch/1239617,92,2
627,https://openprocessing.org/sketch/543918,5,0
628,https://openprocessing.org/sketch/951523,6,0
629,https://openprocessing.org/sketch/1298729,5,0
630,https://openprocessing.org/sketch/847651,6,0
631,https://openprocessing.org/sketch/835543,9,10
632,https://openprocessing.org/sketch/1246146,11,0
633,https://openprocessing.org/sketch/753925,9,0
634,https://openprocessing.org/sketch/1050387,10,0
635,https://openprocessing.org/sketch/686529,6,0
636,https://openprocessing.org/sketch/142899,4,0
637,https://openprocessing.org/sketch/1626383,9,1
638,https://openprocessing.org/sketch/162992,11,0
639,https://openprocessing.org/sketch/1460582,4,0
640,https://openprocessing.org/sketch/405513,4,0
641,https://openprocessing.org/sketch/408755,7,0
642,https://openprocessing.org/sketch/106185,5,0
643,https://openprocessing.org/sketch/1791528,4,0
644,https://openprocessing.org/sketch/1757562,8,0
645,https://openprocessing.org/sketch/611317,347,2
646,https://openprocessing.org/sketch/428308,4,0
647,https://openprocessing.org/sketch/1324027,9,0
648,https://openprocessing.org/sketch/510457,4,0
649,https://openprocessing.org/sketch/908634,4,0
650,https://openprocessing.org/sketch/745974,47,0
651,https://openprocessing.org/sketch/913846,22,0
652,https://openprocessing.org/sketch/1171544,9,0
653,https://openprocessing.org/sketch/1641805,19,0
654,https://openprocessing.org/sketch/908788,31,0
655,https://openprocessing.org/sketch/1526734,28,0
656,https://openprocessing.org/sketch/1520652,4,0
657,https://openprocessing.org/sketch/440633,8,0
658,https://openprocessing.org/sketch/1260156,14,0
659,https://openprocessing.org/sketch/713420,12,0
660,https://openprocessing.org/sketch/137212,10,6
661,https://openprocessing.org/sketch/198400,13,1
662,https://openprocessing.org/sketch/169546,4,0
663,https://openprocessing.org/sketch/514275,4,0
664,https://openprocessing.org/sketch/728377,4,0
665,https://openprocessing.org/sketch/731288,10,0
666,https://openprocessing.org/sketch/1460065,5,0
667,https://openprocessing.org/sketch/805026,55,1
668,https://openprocessing.org/sketch/918051,4,0
669,https://openprocessing.org/sketch/416610,5,0
670,https://openprocessing.org/sketch/1484492,34,0
671,https://openprocessing.org/sketch/128714,8,0
672,https://openprocessing.org/sketch/607764,8,0
673,https://openprocessing.org/sketch/1033446,6,0
674,https://openprocessing.org/sketch/1228684,13,0
675,https://openprocessing.org/sketch/383366,9,0
676,https://openprocessing.org/sketch/432540,12,1
677,https://openprocessing.org/sketch/124289,4,0
678,https://openprocessing.org/sketch/711500,4,1
679,https://openprocessing.org/sketch/431890,15,0
680,https://openprocessing.org/sketch/389265,4,0
681,https://openprocessing.org/sketch/98604,4,0
682,https://openprocessing.org/sketch/1623135,16,0
683,https://openprocessing.org/sketch/937872,5,0
684,https://openprocessing.org/sketch/1621106,30,0
685,https://openprocessing.org/sketch/398613,9,0
686,https://openprocessing.org/sketch/94371,4,0
687,https://openprocessing.org/sketch/1101632,6,0
688,https://openprocessing.org/sketch/527677,22,1
689,https://openprocessing.org/sketch/1054143,4,0
690,https://openprocessing.org/sketch/704377,4,3
691,https://openprocessing.org/sketch/871813,6,0
692,https://openprocessing.org/sketch/1628954,5,0
693,https://openprocessing.org/sketch/1219301,4,0
694,https://openprocessing.org/sketch/420172,5,1
695,https://openprocessing.org/sketch/826135,5,0
696,https://openprocessing.org/sketch/947901,217,7
697,https://openprocessing.org/sketch/431490,78,0
698,https://openprocessing.org/sketch/153762,36,0
699,https://openprocessing.org/sketch/445415,34,0
700,https://openprocessing.org/sketch/155451,6,0
701,https://openprocessing.org/sketch/1160442,7,0
702,https://openprocessing.org/sketch/1176108,6,0
703,https://openprocessing.org/sketch/1538635,30,0
704,https://openprocessing.org/sketch/552928,47,0
705,https://openprocessing.org/sketch/576400,9,0
706,https://openprocessing.org/sketch/746019,6,0
707,https://openprocessing.org/sketch/1527347,7,0
708,https://openprocessing.org/sketch/692014,9,0
709,https://openprocessing.org/sketch/1525663,25,0
710,https://openprocessing.org/sketch/144392,5,5
711,https://openprocessing.org/sketch/487935,88,2
712,https://openprocessing.org/sketch/835540,6,1
713,https://openprocessing.org/sketch/745378,17,0
714,https://openprocessing.org/sketch/100813,4,1
715,https://openprocessing.org/sketch/177356,12,2
716,https://openprocessing.org/sketch/825271,83,19
717,https://openprocessing.org/sketch/837959,5,1
718,https://openprocessing.org/sketch/1051968,4,0
719,https://openprocessing.org/sketch/929963,4,0
720,https://openprocessing.org/sketch/911354,9,0
721,https://openprocessing.org/sketch/982813,28,0
722,https://openprocessing.org/sketch/156099,6,0
723,https://openprocessing.org/sketch/1452061,60,13
724,https://openprocessing.org/sketch/1071318,7,0
725,https://openprocessing.org/sketch/413508,68,0
726,https://openprocessing.org/sketch/764764,6,0
727,https://openprocessing.org/sketch/1824550,5,0
728,https://openprocessing.org/sketch/917338,29,0
729,https://openprocessing.org/sketch/995587,7,3
730,https://openprocessing.org/sketch/1372277,25,0
731,https://openprocessing.org/sketch/774972,6,1
732,https://openprocessing.org/sketch/424176,6,0
733,https://openprocessing.org/sketch/1207498,10,0
734,https://openprocessing.org/sketch/918049,5,0
735,https://openprocessing.org/sketch/1503839,4,0
736,https://openprocessing.org/sketch/549322,4,0
737,https://openprocessing.org/sketch/1253159,10,0
738,https://openprocessing.org/sketch/939796,4,0
739,https://openprocessing.org/sketch/1624111,7,0
740,https://openprocessing.org/sketch/791343,4,0
741,https://openprocessing.org/sketch/828164,6,0
742,https://openprocessing.org/sketch/1662221,5,0
743,https://openprocessing.org/sketch/1417015,10,1
744,https://openprocessing.org/sketch/916904,4,0
745,https://openprocessing.org/sketch/227891,5,0
746,https://openprocessing.org/sketch/468721,14,0
747,https://openprocessing.org/sketch/582973,4,0
748,https://openprocessing.org/sketch/884883,7,2
749,https://openprocessing.org/sketch/137283,46,2
750,https://openprocessing.org/sketch/897944,89,11
751,https://openprocessing.org/sketch/423165,7,0
752,https://openprocessing.org/sketch/138723,4,1
753,https://openprocessing.org/sketch/1716930,35,0
754,https://openprocessing.org/sketch/807448,5,0
755,https://openprocessing.org/sketch/906168,15,0
756,https://openprocessing.org/sketch/916150,4,0
757,https://openprocessing.org/sketch/1188877,8,0
758,https://openprocessing.org/sketch/132224,4,0
759,https://openprocessing.org/sketch/64754,350,56
760,https://openprocessing.org/sketch/670904,6,0
761,https://openprocessing.org/sketch/625826,4,0
762,https://openprocessing.org/sketch/145926,4,0
763,https://openprocessing.org/sketch/1240500,21,0
764,https://openprocessing.org/sketch/517317,54,3
765,https://openprocessing.org/sketch/445832,14,0
766,https://openprocessing.org/sketch/763100,5,0
767,https://openprocessing.org/sketch/168573,18,3
768,https://openprocessing.org/sketch/392178,24,0
769,https://openprocessing.org/sketch/378899,146,1
770,https://openprocessing.org/sketch/1303655,9,0
771,https://openprocessing.org/sketch/409574,5,0
772,https://openprocessing.org/sketch/799782,5,0
773,https://openprocessing.org/sketch/428984,68,1
774,https://openprocessing.org/sketch/1709645,13,0
775,https://openprocessing.org/sketch/591581,44,0
776,https://openprocessing.org/sketch/419726,4,0
777,https://openprocessing.org/sketch/399409,34,0
778,https://openprocessing.org/sketch/410879,255,13
779,https://openprocessing.org/sketch/89769,83,3
780,https://openprocessing.org/sketch/1057138,4,0
781,https://openprocessing.org/sketch/1001839,6,0
782,https://openprocessing.org/sketch/1721124,28,0
783,https://openprocessing.org/sketch/1642381,4,0
784,https://openprocessing.org/sketch/545272,81,0
785,https://openprocessing.org/sketch/796676,23,0
786,https://openprocessing.org/sketch/428068,4,3
787,https://openprocessing.org/sketch/208662,7,0
788,https://openprocessing.org/sketch/1025755,10,0
789,https://openprocessing.org/sketch/648297,15,0
790,https://openprocessing.org/sketch/399893,14,0
791,https://openprocessing.org/sketch/722179,6,0
792,https://openprocessing.org/sketch/136880,9,1
793,https://openprocessing.org/sketch/743155,9,1
794,https://openprocessing.org/sketch/859999,23,1
795,https://openprocessing.org/sketch/431027,13,0
796,https://openprocessing.org/sketch/733134,139,5
797,https://openprocessing.org/sketch/150033,12,4
798,https://openprocessing.org/sketch/695609,43,8
799,https://openprocessing.org/sketch/709753,6,0
800,https://openprocessing.org/sketch/388236,66,0
801,https://openprocessing.org/sketch/164058,7,0
802,https://openprocessing.org/sketch/397351,9,0
803,https://openprocessing.org/sketch/422635,6,0
804,https://openprocessing.org/sketch/949531,8,0
805,https://openprocessing.org/sketch/792407,371,16
806,https://openprocessing.org/sketch/604572,4,1
807,https://openprocessing.org/sketch/1063492,7,0
808,https://openprocessing.org/sketch/1195160,67,0
809,https://openprocessing.org/sketch/937162,106,7
810,https://openprocessing.org/sketch/468685,100,2
811,https://openprocessing.org/sketch/740466,4,0
812,https://openprocessing.org/sketch/1113212,11,7
813,https://openprocessing.org/sketch/496790,6,0
814,https://openprocessing.org/sketch/1062951,4,0
815,https://openprocessing.org/sketch/393221,39,0
816,https://openprocessing.org/sketch/998834,19,4
817,https://openprocessing.org/sketch/1333345,63,0
818,https://openprocessing.org/sketch/571543,5,0
819,https://openprocessing.org/sketch/1100003,8,0
820,https://openprocessing.org/sketch/672825,12,0
821,https://openprocessing.org/sketch/952113,7,0
822,https://openprocessing.org/sketch/310071,7,0
823,https://openprocessing.org/sketch/569409,8,0
824,https://openprocessing.org/sketch/509879,4,0
825,https://openprocessing.org/sketch/546468,10,0
826,https://openprocessing.org/sketch/1327302,9,0
827,https://openprocessing.org/sketch/188364,57,0
828,https://openprocessing.org/sketch/302703,4,0
829,https://openprocessing.org/sketch/1777803,22,1
830,https://openprocessing.org/sketch/479345,4,0
831,https://openprocessing.org/sketch/106618,33,8
832,https://openprocessing.org/sketch/1033440,318,0
833,https://openprocessing.org/sketch/1333305,4,0
834,https://openprocessing.org/sketch/739290,5,0
835,https://openprocessing.org/sketch/1240192,4,0
836,https://openprocessing.org/sketch/433317,6,0
837,https://openprocessing.org/sketch/514204,4,0
838,https://openprocessing.org/sketch/701846,4,0
839,https://openprocessing.org/sketch/893302,8,3
840,https://openprocessing.org/sketch/952881,8,0
841,https://openprocessing.org/sketch/727124,4,0
842,https://openprocessing.org/sketch/89802,5,0
843,https://openprocessing.org/sketch/446229,67,0
844,https://openprocessing.org/sketch/781496,6,0
845,https://openprocessing.org/sketch/674044,8,0
846,https://openprocessing.org/sketch/1603773,21,0
847,https://openprocessing.org/sketch/616442,12,0
848,https://openprocessing.org/sketch/702516,5,0
849,https://openprocessing.org/sketch/1242375,4,0
850,https://openprocessing.org/sketch/392981,6,0
851,https://openprocessing.org/sketch/190259,5,0
852,https://openprocessing.org/sketch/1374139,43,0
853,https://openprocessing.org/sketch/374696,69,2
854,https://openprocessing.org/sketch/1715024,5,0
855,https://openprocessing.org/sketch/167667,13,0
856,https://openprocessing.org/sketch/1212756,6,0
857,https://openprocessing.org/sketch/113809,13,0
858,https://openprocessing.org/sketch/202022,35,0
859,https://openprocessing.org/sketch/786183,28,0
860,https://openprocessing.org/sketch/33248,14,1
861,https://openprocessing.org/sketch/457573,4,0
862,https://openprocessing.org/sketch/1328343,11,0
863,https://openprocessing.org/sketch/1454633,33,0
864,https://openprocessing.org/sketch/740492,6,0
865,https://openprocessing.org/sketch/1574693,5,0
866,https://openprocessing.org/sketch/304023,10,0
867,https://openprocessing.org/sketch/390873,8,0
868,https://openprocessing.org/sketch/816425,13,0
869,https://openprocessing.org/sketch/177670,5,0
870,https://openprocessing.org/sketch/903024,4,0
871,https://openprocessing.org/sketch/909526,9,0
872,https://openprocessing.org/sketch/845982,12,0
873,https://openprocessing.org/sketch/27363,4,0
874,https://openprocessing.org/sketch/1434180,15,0
875,https://openprocessing.org/sketch/1073082,4,0
876,https://openprocessing.org/sketch/185737,18,2
877,https://openprocessing.org/sketch/155495,10,0
878,https://openprocessing.org/sketch/584651,9,1
879,https://openprocessing.org/sketch/466144,4,0
880,https://openprocessing.org/sketch/219417,19,2
881,https://openprocessing.org/sketch/911421,25,0
882,https://openprocessing.org/sketch/217693,15,0
883,https://openprocessing.org/sketch/76039,16,0
884,https://openprocessing.org/sketch/598789,29,5
885,https://openprocessing.org/sketch/853283,6,0
886,https://openprocessing.org/sketch/923216,5,0
887,https://openprocessing.org/sketch/137577,16,3
888,https://openprocessing.org/sketch/704866,5,0
889,https://openprocessing.org/sketch/33669,9,0
890,https://openprocessing.org/sketch/683373,8,0
891,https://openprocessing.org/sketch/298646,378,7
892,https://openprocessing.org/sketch/908413,7,0
893,https://openprocessing.org/sketch/1012022,8,0
894,https://openprocessing.org/sketch/207608,27,0
895,https://openprocessing.org/sketch/191653,14,1
896,https://openprocessing.org/sketch/1109950,6,0
897,https://openprocessing.org/sketch/143113,39,0
898,https://openprocessing.org/sketch/886794,259,15
899,https://openprocessing.org/sketch/1379627,9,0
900,https://openprocessing.org/sketch/901554,12,0
901,https://openprocessing.org/sketch/445635,37,1
902,https://openprocessing.org/sketch/742362,12,1
903,https://openprocessing.org/sketch/1620018,4,0
904,https://openprocessing.org/sketch/2775,8,3
905,https://openprocessing.org/sketch/1619524,4,0
906,https://openprocessing.org/sketch/135755,10,1
907,https://openprocessing.org/sketch/1572429,16,0
908,https://openprocessing.org/sketch/446398,10,0
909,https://openprocessing.org/sketch/569343,5,0
910,https://openprocessing.org/sketch/385978,7,0
911,https://openprocessing.org/sketch/832608,17,0
912,https://openprocessing.org/sketch/131054,4,0
913,https://openprocessing.org/sketch/26606,4,0
914,https://openprocessing.org/sketch/158875,16,0
915,https://openprocessing.org/sketch/896943,9,0
916,https://openprocessing.org/sketch/740680,5,0
917,https://openprocessing.org/sketch/699575,6,0
918,https://openprocessing.org/sketch/468429,6,0
919,https://openprocessing.org/sketch/1032275,4,0
920,https://openprocessing.org/sketch/68182,4,1
921,https://openprocessing.org/sketch/554692,21,0
922,https://openprocessing.org/sketch/927002,5,0
923,https://openprocessing.org/sketch/440876,4,0
924,https://openprocessing.org/sketch/1122301,6,3
925,https://openprocessing.org/sketch/707207,6,0
926,https://openprocessing.org/sketch/689966,8,1
927,https://openprocessing.org/sketch/885430,5,6
928,https://openprocessing.org/sketch/392846,5,0
929,https://openprocessing.org/sketch/95686,6,0
930,https://openprocessing.org/sketch/1449735,8,0
931,https://openprocessing.org/sketch/204592,4,0
932,https://openprocessing.org/sketch/504372,11,0
933,https://openprocessing.org/sketch/877875,20,2
934,https://openprocessing.org/sketch/576489,82,0
935,https://openprocessing.org/sketch/1048183,25,2
936,https://openprocessing.org/sketch/379710,10,0
937,https://openprocessing.org/sketch/640497,6,0
938,https://openprocessing.org/sketch/1467466,4,0
939,https://openprocessing.org/sketch/394474,6,0
940,https://openprocessing.org/sketch/1251944,10,1
941,https://openprocessing.org/sketch/1180412,7,1
942,https://openprocessing.org/sketch/933067,5,0
943,https://openprocessing.org/sketch/852094,11,0
944,https://openprocessing.org/sketch/1158439,13,0
945,https://openprocessing.org/sketch/1057607,4,0
946,https://openprocessing.org/sketch/1051231,85,0
947,https://openprocessing.org/sketch/827130,4,0
948,https://openprocessing.org/sketch/516033,41,1
949,https://openprocessing.org/sketch/943564,4,0
950,https://openprocessing.org/sketch/160420,6,2
951,https://openprocessing.org/sketch/683482,4,0
952,https://openprocessing.org/sketch/513544,29,1
953,https://openprocessing.org/sketch/420665,4,1
954,https://openprocessing.org/sketch/157737,6,0
955,https://openprocessing.org/sketch/1446765,5,0
956,https://openprocessing.org/sketch/467449,8,0
957,https://openprocessing.org/sketch/316767,7,0
958,https://openprocessing.org/sketch/184518,34,0
959,https://openprocessing.org/sketch/1006511,26,0
960,https://openprocessing.org/sketch/507751,5,0
961,https://openprocessing.org/sketch/835546,5,5
962,https://openprocessing.org/sketch/751000,8,0
963,https://openprocessing.org/sketch/132271,18,1
964,https://openprocessing.org/sketch/1519177,4,0
965,https://openprocessing.org/sketch/727276,4,0
966,https://openprocessing.org/sketch/581663,8,0
967,https://openprocessing.org/sketch/857875,7,0
968,https://openprocessing.org/sketch/1568162,17,0
969,https://openprocessing.org/sketch/1555985,4,0
970,https://openprocessing.org/sketch/1235678,10,0
971,https://openprocessing.org/sketch/733572,6,0
972,https://openprocessing.org/sketch/1623852,9,0
973,https://openprocessing.org/sketch/983477,4,0
974,https://openprocessing.org/sketch/1171976,304,8
975,https://openprocessing.org/sketch/1700142,10,0
976,https://openprocessing.org/sketch/1431360,69,2
977,https://openprocessing.org/sketch/1141843,4,0
978,https://openprocessing.org/sketch/1428566,15,0
979,https://openprocessing.org/sketch/537995,10,3
980,https://openprocessing.org/sketch/871685,4,0
981,https://openprocessing.org/sketch/884161,4,0
982,https://openprocessing.org/sketch/438452,4,0
983,https://openprocessing.org/sketch/205807,493,140
984,https://openprocessing.org/sketch/110945,5,0
985,https://openprocessing.org/sketch/1744829,7,0
986,https://openprocessing.org/sketch/1570546,80,0
987,https://openprocessing.org/sketch/417442,4,0
988,https://openprocessing.org/sketch/575147,5,0
989,https://openprocessing.org/sketch/548819,23,1
990,https://openprocessing.org/sketch/882753,7,0
991,https://openprocessing.org/sketch/442735,25,1
992,https://openprocessing.org/sketch/1198841,16,0
993,https://openprocessing.org/sketch/1589677,4,0
994,https://openprocessing.org/sketch/834700,4,0
995,https://openprocessing.org/sketch/146021,10,3
996,https://openprocessing.org/sketch/524687,4,0
997,https://openprocessing.org/sketch/1237598,12,0
998,https://openprocessing.org/sketch/763556,8,0
999,https://openprocessing.org/sketch/750960,23,0
1000,https://openprocessing.org/sketch/738967,11,0
1001,https://openprocessing.org/sketch/1667481,46,0
1002,https://openprocessing.org/sketch/699847,22,0
1003,https://openprocessing.org/sketch/1226768,15,0
1004,https://openprocessing.org/sketch/389641,5,0
1005,https://openprocessing.org/sketch/703998,5,0
1006,https://openprocessing.org/sketch/931937,5,0
1007,https://openprocessing.org/sketch/1015820,11,0
1008,https://openprocessing.org/sketch/615543,5,0
1009,https://openprocessing.org/sketch/760166,6,0
1010,https://openprocessing.org/sketch/1611297,20,0
1011,https://openprocessing.org/sketch/876285,105,6
1012,https://openprocessing.org/sketch/431136,10,0
1013,https://openprocessing.org/sketch/940869,11,1
1014,https://openprocessing.org/sketch/156357,5,0
1015,https://openprocessing.org/sketch/1309217,10,0
1016,https://openprocessing.org/sketch/162190,39,4
1017,https://openprocessing.org/sketch/626368,8,0
1018,https://openprocessing.org/sketch/461013,4,0
1019,https://openprocessing.org/sketch/990050,7,0
1020,https://openprocessing.org/sketch/771213,16,0
1021,https://openprocessing.org/sketch/1627223,5,0
1022,https://openprocessing.org/sketch/126218,8,0
1023,https://openprocessing.org/sketch/103523,13,0
1024,https://openprocessing.org/sketch/1284424,18,0
1025,https://openprocessing.org/sketch/1594180,4,0
1026,https://openprocessing.org/sketch/790518,4,0
1027,https://openprocessing.org/sketch/463828,26,5
1028,https://openprocessing.org/sketch/123337,8,0
1029,https://openprocessing.org/sketch/1700799,6,0
1030,https://openprocessing.org/sketch/149354,10,0
1031,https://openprocessing.org/sketch/346680,7,2
1032,https://openprocessing.org/sketch/1087483,7,0
1033,https://openprocessing.org/sketch/397169,24,3
1034,https://openprocessing.org/sketch/980211,9,0
1035,https://openprocessing.org/sketch/1316193,8,0
1036,https://openprocessing.org/sketch/298888,4,0
1037,https://openprocessing.org/sketch/1056218,5,0
1038,https://openprocessing.org/sketch/432134,10,0
1039,https://openprocessing.org/sketch/515623,4,0
1040,https://openprocessing.org/sketch/621755,9,0
1041,https://openprocessing.org/sketch/846914,7,0
1042,https://openprocessing.org/sketch/442727,29,0
1043,https://openprocessing.org/sketch/414078,6,1
1044,https://openprocessing.org/sketch/1311710,4,0
1045,https://openprocessing.org/sketch/345697,10,0
1046,https://openprocessing.org/sketch/1071217,4,0
1047,https://openprocessing.org/sketch/74678,59,0
1048,https://openprocessing.org/sketch/17258,7,0
1049,https://openprocessing.org/sketch/673970,10,0
1050,https://openprocessing.org/sketch/293988,48,0
1051,https://openprocessing.org/sketch/178684,4,0
1052,https://openprocessing.org/sketch/753807,5,0
1053,https://openprocessing.org/sketch/815944,6,0
1054,https://openprocessing.org/sketch/833802,5,0
1055,https://openprocessing.org/sketch/377270,45,0
1056,https://openprocessing.org/sketch/590044,8,1
1057,https://openprocessing.org/sketch/1010159,5,15
1058,https://openprocessing.org/sketch/1586097,4,0
1059,https://openprocessing.org/sketch/419775,7,0
1060,https://openprocessing.org/sketch/1638421,15,0
1061,https://openprocessing.org/sketch/34190,7,1
1062,https://openprocessing.org/sketch/473484,4,0
1063,https://openprocessing.org/sketch/427419,35,0
1064,https://openprocessing.org/sketch/747187,12,0
1065,https://openprocessing.org/sketch/1340957,4,0
1066,https://openprocessing.org/sketch/194655,5,0
1067,https://openprocessing.org/sketch/903000,4,0
1068,https://openprocessing.org/sketch/1610776,6,0
1069,https://openprocessing.org/sketch/434737,8,0
1070,https://openprocessing.org/sketch/497922,10,0
1071,https://openprocessing.org/sketch/456168,9,0
1072,https://openprocessing.org/sketch/433005,6,0
1073,https://openprocessing.org/sketch/1811817,4,0
1074,https://openprocessing.org/sketch/1353623,4,2
1075,https://openprocessing.org/sketch/1252709,4,0
1076,https://openprocessing.org/sketch/308362,4,0
1077,https://openprocessing.org/sketch/1549486,4,0
1078,https://openprocessing.org/sketch/702662,8,0
1079,https://openprocessing.org/sketch/178859,9,0
1080,https://openprocessing.org/sketch/222608,4,1
1081,https://openprocessing.org/sketch/1622569,6,1
1082,https://openprocessing.org/sketch/1194934,4,0
1083,https://openprocessing.org/sketch/442606,13,0
1084,https://openprocessing.org/sketch/128700,5,0
1085,https://openprocessing.org/sketch/1224082,6,0
1086,https://openprocessing.org/sketch/1304011,5,0
1087,https://openprocessing.org/sketch/819896,8,0
1088,https://openprocessing.org/sketch/908145,5,1
1089,https://openprocessing.org/sketch/1535204,24,0
1090,https://openprocessing.org/sketch/178095,9,0
1091,https://openprocessing.org/sketch/358406,29,1
1092,https://openprocessing.org/sketch/724645,4,11
1093,https://openprocessing.org/sketch/903429,4,0
1094,https://openprocessing.org/sketch/1270616,4,0
1095,https://openprocessing.org/sketch/1416144,4,0
1096,https://openprocessing.org/sketch/903740,4,0
1097,https://openprocessing.org/sketch/1622861,13,0
1098,https://openprocessing.org/sketch/903217,18,0
1099,https://openprocessing.org/sketch/537508,4,0
1100,https://openprocessing.org/sketch/215656,26,2
1101,https://openprocessing.org/sketch/101709,14,2
1102,https://openprocessing.org/sketch/706606,9,0
1103,https://openprocessing.org/sketch/1126676,13,0
1104,https://openprocessing.org/sketch/953653,4,0
1105,https://openprocessing.org/sketch/1754139,7,0
1106,https://openprocessing.org/sketch/984983,4,0
1107,https://openprocessing.org/sketch/930613,5,0
1108,https://openprocessing.org/sketch/1230132,8,0
1109,https://openprocessing.org/sketch/645749,10,2
1110,https://openprocessing.org/sketch/186320,704,17
1111,https://openprocessing.org/sketch/1600673,5,0
1112,https://openprocessing.org/sketch/915903,6,0
1113,https://openprocessing.org/sketch/730802,4,0
1114,https://openprocessing.org/sketch/783595,6,0
1115,https://openprocessing.org/sketch/1066888,8,0
1116,https://openprocessing.org/sketch/125657,11,2
1117,https://openprocessing.org/sketch/769360,24,1
1118,https://openprocessing.org/sketch/871770,9,0
1119,https://openprocessing.org/sketch/977641,7,0
1120,https://openprocessing.org/sketch/1653826,10,0
1121,https://openprocessing.org/sketch/632381,54,2
1122,https://openprocessing.org/sketch/386511,6,0
1123,https://openprocessing.org/sketch/913474,208,11
1124,https://openprocessing.org/sketch/445916,7,0
1125,https://openprocessing.org/sketch/442350,4,0
1126,https://openprocessing.org/sketch/1601078,36,0
1127,https://openprocessing.org/sketch/932721,4,0
1128,https://openprocessing.org/sketch/911162,6,0
1129,https://openprocessing.org/sketch/1229632,11,0
1130,https://openprocessing.org/sketch/101742,6,5
1131,https://openprocessing.org/sketch/503559,32,0
1132,https://openprocessing.org/sketch/126516,130,5
1133,https://openprocessing.org/sketch/910496,6,0
1134,https://openprocessing.org/sketch/23262,14,0
1135,https://openprocessing.org/sketch/174460,105,0
1136,https://openprocessing.org/sketch/971108,12,0
1137,https://openprocessing.org/sketch/1538820,53,2
1138,https://openprocessing.org/sketch/1253905,23,0
1139,https://openprocessing.org/sketch/1631540,69,2
1140,https://openprocessing.org/sketch/731267,4,0
1141,https://openprocessing.org/sketch/796458,4,0
1142,https://openprocessing.org/sketch/699618,7,0
1143,https://openprocessing.org/sketch/87379,4,0
1144,https://openprocessing.org/sketch/620033,5,0
1145,https://openprocessing.org/sketch/1242394,8,0
1146,https://openprocessing.org/sketch/1713338,11,0
1147,https://openprocessing.org/sketch/184798,5,0
1148,https://openprocessing.org/sketch/1278203,5,0
1149,https://openprocessing.org/sketch/1189367,7,0
1150,https://openprocessing.org/sketch/981092,8,0
1151,https://openprocessing.org/sketch/156439,4,0
1152,https://openprocessing.org/sketch/656569,5,0
1153,https://openprocessing.org/sketch/582204,14,1
1154,https://openprocessing.org/sketch/1581706,28,0
1155,https://openprocessing.org/sketch/898052,6,0
1156,https://openprocessing.org/sketch/1123169,17,0
1157,https://openprocessing.org/sketch/1273933,6,0
1158,https://openprocessing.org/sketch/1597047,11,0
1159,https://openprocessing.org/sketch/985706,7,0
1160,https://openprocessing.org/sketch/1314163,34,0
1161,https://openprocessing.org/sketch/531784,11,0
1162,https://openprocessing.org/sketch/695727,5,0
1163,https://openprocessing.org/sketch/106239,17,1
1164,https://openprocessing.org/sketch/431819,11,0
1165,https://openprocessing.org/sketch/734875,4,0
1166,https://openprocessing.org/sketch/926421,5,3
1167,https://openprocessing.org/sketch/810284,4,1
1168,https://openprocessing.org/sketch/1442957,6,0
1169,https://openprocessing.org/sketch/1482558,11,0
1170,https://openprocessing.org/sketch/54024,106,4
1171,https://openprocessing.org/sketch/804077,95,14
1172,https://openprocessing.org/sketch/445551,4,0
1173,https://openprocessing.org/sketch/883005,4,0
1174,https://openprocessing.org/sketch/402440,4,1
1175,https://openprocessing.org/sketch/1227933,14,0
1176,https://openprocessing.org/sketch/872516,238,1
1177,https://openprocessing.org/sketch/517041,5,0
1178,https://openprocessing.org/sketch/197634,14,0
1179,https://openprocessing.org/sketch/563257,5,0
1180,https://openprocessing.org/sketch/1333409,18,0
1181,https://openprocessing.org/sketch/1352693,7,0
1182,https://openprocessing.org/sketch/1534680,6,0
1183,https://openprocessing.org/sketch/411375,5,0
1184,https://openprocessing.org/sketch/1178028,5,0
1185,https://openprocessing.org/sketch/387064,4,0
1186,https://openprocessing.org/sketch/460479,18,0
1187,https://openprocessing.org/sketch/473848,7,1
1188,https://openprocessing.org/sketch/546062,5,0
1189,https://openprocessing.org/sketch/761901,5,0
1190,https://openprocessing.org/sketch/488603,7,0
1191,https://openprocessing.org/sketch/1201716,5,0
1192,https://openprocessing.org/sketch/1661330,10,0
1193,https://openprocessing.org/sketch/42755,18,2
1194,https://openprocessing.org/sketch/544135,5,3
1195,https://openprocessing.org/sketch/155530,23,2
1196,https://openprocessing.org/sketch/431725,4,0
1197,https://openprocessing.org/sketch/1102193,4,0
1198,https://openprocessing.org/sketch/173298,29,0
1199,https://openprocessing.org/sketch/657402,6,0
1200,https://openprocessing.org/sketch/850842,4,0
1201,https://openprocessing.org/sketch/905319,83,0
1202,https://openprocessing.org/sketch/406877,4,0
1203,https://openprocessing.org/sketch/468423,4,0
1204,https://openprocessing.org/sketch/850594,7,20
1205,https://openprocessing.org/sketch/904502,7,0
1206,https://openprocessing.org/sketch/375382,6,0
1207,https://openprocessing.org/sketch/658186,6,0
1208,https://openprocessing.org/sketch/883474,17,0
1209,https://openprocessing.org/sketch/152131,4,0
1210,https://openprocessing.org/sketch/399155,5,0
1211,https://openprocessing.org/sketch/470049,26,13
1212,https://openprocessing.org/sketch/692448,61,0
1213,https://openprocessing.org/sketch/1010424,4,0
1214,https://openprocessing.org/sketch/1628576,4,0
1215,https://openprocessing.org/sketch/956841,12,0
1216,https://openprocessing.org/sketch/1450503,11,0
1217,https://openprocessing.org/sketch/1259671,6,0
1218,https://openprocessing.org/sketch/679466,5,0
1219,https://openprocessing.org/sketch/925536,9,0
1220,https://openprocessing.org/sketch/893686,8,0
1221,https://openprocessing.org/sketch/400000,7,2
1222,https://openprocessing.org/sketch/701412,5,1
1223,https://openprocessing.org/sketch/931739,4,0
1224,https://openprocessing.org/sketch/914406,6,0
1225,https://openprocessing.org/sketch/205214,49,1
1226,https://openprocessing.org/sketch/220794,42,2
1227,https://openprocessing.org/sketch/126399,38,2
1228,https://openprocessing.org/sketch/1504804,27,0
1229,https://openprocessing.org/sketch/1095696,11,0
1230,https://openprocessing.org/sketch/824072,32,0
1231,https://openprocessing.org/sketch/1057194,22,0
1232,https://openprocessing.org/sketch/146443,5,0
1233,https://openprocessing.org/sketch/139548,6,0
1234,https://openprocessing.org/sketch/582788,7,0
1235,https://openprocessing.org/sketch/446186,45,3
1236,https://openprocessing.org/sketch/1219550,78,8
1237,https://openprocessing.org/sketch/1026079,5,0
1238,https://openprocessing.org/sketch/1155647,7,0
1239,https://openprocessing.org/sketch/909445,6,0
1240,https://openprocessing.org/sketch/743854,4,0
1241,https://openprocessing.org/sketch/679003,7,0
1242,https://openprocessing.org/sketch/1234105,5,0
1243,https://openprocessing.org/sketch/1763576,6,0
1244,https://openprocessing.org/sketch/1659153,18,0
1245,https://openprocessing.org/sketch/513396,5,0
1246,https://openprocessing.org/sketch/858150,85,11
1247,https://openprocessing.org/sketch/494139,13,0
1248,https://openprocessing.org/sketch/100358,14,0
1249,https://openprocessing.org/sketch/898357,4,0
1250,https://openprocessing.org/sketch/1017825,19,0
1251,https://openprocessing.org/sketch/684330,119,0
1252,https://openprocessing.org/sketch/897428,7,0
1253,https://openprocessing.org/sketch/816640,7,0
1254,https://openprocessing.org/sketch/889052,6,0
1255,https://openprocessing.org/sketch/549250,6,0
1256,https://openprocessing.org/sketch/557034,8,0
1257,https://openprocessing.org/sketch/1605159,4,0
1258,https://openprocessing.org/sketch/444995,25,4
1259,https://openprocessing.org/sketch/1027556,6,2
1260,https://openprocessing.org/sketch/939229,106,5
1261,https://openprocessing.org/sketch/1406837,4,0
1262,https://openprocessing.org/sketch/1629138,41,2
1263,https://openprocessing.org/sketch/1695488,12,0
1264,https://openprocessing.org/sketch/920212,25,0
1265,https://openprocessing.org/sketch/403896,13,1
1266,https://openprocessing.org/sketch/537819,6,0
1267,https://openprocessing.org/sketch/692897,4,0
1268,https://openprocessing.org/sketch/270985,4,0
1269,https://openprocessing.org/sketch/385960,8,0
1270,https://openprocessing.org/sketch/1372144,12,0
1271,https://openprocessing.org/sketch/1287399,5,3
1272,https://openprocessing.org/sketch/1516509,4,0
1273,https://openprocessing.org/sketch/1270375,4,0
1274,https://openprocessing.org/sketch/1349248,10,0
1275,https://openprocessing.org/sketch/456790,7,0
1276,https://openprocessing.org/sketch/899626,4,0
1277,https://openprocessing.org/sketch/1273190,4,0
1278,https://openprocessing.org/sketch/793975,4,0
1279,https://openprocessing.org/sketch/817362,17,0
1280,https://openprocessing.org/sketch/126615,11,0
1281,https://openprocessing.org/sketch/1151044,6,4
1282,https://openprocessing.org/sketch/888277,6,0
1283,https://openprocessing.org/sketch/106217,6,0
1284,https://openprocessing.org/sketch/1010062,10,0
1285,https://openprocessing.org/sketch/982843,6,0
1286,https://openprocessing.org/sketch/547060,6,0
1287,https://openprocessing.org/sketch/854160,17,0
1288,https://openprocessing.org/sketch/765381,6,0
1289,https://openprocessing.org/sketch/569880,4,0
1290,https://openprocessing.org/sketch/687862,29,6
1291,https://openprocessing.org/sketch/706002,4,0
1292,https://openprocessing.org/sketch/850346,10,0
1293,https://openprocessing.org/sketch/641400,8,6
1294,https://openprocessing.org/sketch/288714,11,0
1295,https://openprocessing.org/sketch/1108523,6,0
1296,https://openprocessing.org/sketch/1622821,11,0
1297,https://openprocessing.org/sketch/899025,6,0
1298,https://openprocessing.org/sketch/883052,7,0
1299,https://openprocessing.org/sketch/397078,46,0
1300,https://openprocessing.org/sketch/495729,6,1
1301,https://openprocessing.org/sketch/840074,8,0
1302,https://openprocessing.org/sketch/881898,17,0
1303,https://openprocessing.org/sketch/194622,4,0
1304,https://openprocessing.org/sketch/664091,4,0
1305,https://openprocessing.org/sketch/940876,29,0
1306,https://openprocessing.org/sketch/1361225,58,0
1307,https://openprocessing.org/sketch/412939,27,1
1308,https://openprocessing.org/sketch/681621,12,0
1309,https://openprocessing.org/sketch/136281,7,0
1310,https://openprocessing.org/sketch/517166,599,10
1311,https://openprocessing.org/sketch/938793,5,0
1312,https://openprocessing.org/sketch/1422782,4,0
1313,https://openprocessing.org/sketch/481688,5,2
1314,https://openprocessing.org/sketch/1714540,5,0
1315,https://openprocessing.org/sketch/1032498,9,0
1316,https://openprocessing.org/sketch/1609571,54,0
1317,https://openprocessing.org/sketch/158349,4,0
1318,https://openprocessing.org/sketch/1445425,4,0
1319,https://openprocessing.org/sketch/225957,88,0
1320,https://openprocessing.org/sketch/301692,14,0
1321,https://openprocessing.org/sketch/784809,4,0
1322,https://openprocessing.org/sketch/149308,10,0
1323,https://openprocessing.org/sketch/86423,13,0
1324,https://openprocessing.org/sketch/1417957,18,0
1325,https://openprocessing.org/sketch/472324,11,2
1326,https://openprocessing.org/sketch/857906,4,1
1327,https://openprocessing.org/sketch/1636985,26,0
1328,https://openprocessing.org/sketch/75235,10,1
1329,https://openprocessing.org/sketch/1093912,4,4
1330,https://openprocessing.org/sketch/949793,5,0
1331,https://openprocessing.org/sketch/996624,4,1
1332,https://openprocessing.org/sketch/463401,59,0
1333,https://openprocessing.org/sketch/414243,9,0
1334,https://openprocessing.org/sketch/950082,108,4
1335,https://openprocessing.org/sketch/924715,4,0
1336,https://openprocessing.org/sketch/1443231,4,0
1337,https://openprocessing.org/sketch/756263,6,0
1338,https://openprocessing.org/sketch/1024871,11,0
1339,https://openprocessing.org/sketch/272949,9,0
1340,https://openprocessing.org/sketch/1010900,4,0
1341,https://openprocessing.org/sketch/698282,6,2
1342,https://openprocessing.org/sketch/730895,81,2
1343,https://openprocessing.org/sketch/1638374,11,0
1344,https://openprocessing.org/sketch/1497641,15,0
1345,https://openprocessing.org/sketch/1284987,4,0
1346,https://openprocessing.org/sketch/246716,4,0
1347,https://openprocessing.org/sketch/486595,68,6
1348,https://openprocessing.org/sketch/1700282,34,0
1349,https://openprocessing.org/sketch/993223,4,0
1350,https://openprocessing.org/sketch/1023791,11,0
1351,https://openprocessing.org/sketch/623414,9,0
1352,https://openprocessing.org/sketch/645436,7,0
1353,https://openprocessing.org/sketch/1638943,16,2
1354,https://openprocessing.org/sketch/1097852,7,0
1355,https://openprocessing.org/sketch/80870,5,0
1356,https://openprocessing.org/sketch/441885,108,8
1357,https://openprocessing.org/sketch/966486,39,0
1358,https://openprocessing.org/sketch/1321626,9,1
1359,https://openprocessing.org/sketch/385762,7,0
1360,https://openprocessing.org/sketch/551987,6,1
1361,https://openprocessing.org/sketch/102142,51,1
1362,https://openprocessing.org/sketch/551443,5,0
1363,https://openprocessing.org/sketch/1374442,4,0
1364,https://openprocessing.org/sketch/543009,29,0
1365,https://openprocessing.org/sketch/1366551,4,0
1366,https://openprocessing.org/sketch/903104,6,0
1367,https://openprocessing.org/sketch/752216,4,0
1368,https://openprocessing.org/sketch/1333301,17,0
1369,https://openprocessing.org/sketch/850738,4,0
1370,https://openprocessing.org/sketch/410938,5,0
1371,https://openprocessing.org/sketch/108420,11,0
1372,https://openprocessing.org/sketch/65475,9,0
1373,https://openprocessing.org/sketch/1596092,26,0
1374,https://openprocessing.org/sketch/1447203,32,0
1375,https://openprocessing.org/sketch/1000904,4,0
1376,https://openprocessing.org/sketch/1615191,19,0
1377,https://openprocessing.org/sketch/692849,26,0
1378,https://openprocessing.org/sketch/552990,4,1
1379,https://openprocessing.org/sketch/729522,77,6
1380,https://openprocessing.org/sketch/817353,5,0
1381,https://openprocessing.org/sketch/580797,26,2
1382,https://openprocessing.org/sketch/891637,9,0
1383,https://openprocessing.org/sketch/102905,128,6
1384,https://openprocessing.org/sketch/1701716,5,0
1385,https://openprocessing.org/sketch/208689,9,0
1386,https://openprocessing.org/sketch/1362428,4,0
1387,https://openprocessing.org/sketch/850460,24,0
1388,https://openprocessing.org/sketch/142369,18,0
1389,https://openprocessing.org/sketch/816638,19,0
1390,https://openprocessing.org/sketch/985016,9,0
1391,https://openprocessing.org/sketch/458382,4,0
1392,https://openprocessing.org/sketch/1822987,5,0
1393,https://openprocessing.org/sketch/967631,6,0
1394,https://openprocessing.org/sketch/756123,11,0
1395,https://openprocessing.org/sketch/482070,5,3
1396,https://openprocessing.org/sketch/1221694,61,0
1397,https://openprocessing.org/sketch/779854,6,0
1398,https://openprocessing.org/sketch/1247509,4,0
1399,https://openprocessing.org/sketch/143055,9,0
1400,https://openprocessing.org/sketch/1222246,9,0
1401,https://openprocessing.org/sketch/1187031,4,0
1402,https://openprocessing.org/sketch/193661,10,1
1403,https://openprocessing.org/sketch/403025,4,0
1404,https://openprocessing.org/sketch/63559,4,0
1405,https://openprocessing.org/sketch/696735,9,0
1406,https://openprocessing.org/sketch/379287,9,0
1407,https://openprocessing.org/sketch/1413293,14,0
1408,https://openprocessing.org/sketch/799702,18,0
1409,https://openprocessing.org/sketch/162654,6,0
1410,https://openprocessing.org/sketch/945822,7,1
1411,https://openprocessing.org/sketch/1155674,59,6
1412,https://openprocessing.org/sketch/393356,10,1
1413,https://openprocessing.org/sketch/149441,7,0
1414,https://openprocessing.org/sketch/929727,4,0
1415,https://openprocessing.org/sketch/396954,50,3
1416,https://openprocessing.org/sketch/1104944,9,0
1417,https://openprocessing.org/sketch/516334,6,0
1418,https://openprocessing.org/sketch/755711,5,0
1419,https://openprocessing.org/sketch/431035,5,0
1420,https://openprocessing.org/sketch/748902,6,0
1421,https://openprocessing.org/sketch/181087,36,2
1422,https://openprocessing.org/sketch/1496794,4,0
1423,https://openprocessing.org/sketch/956454,9,2
1424,https://openprocessing.org/sketch/1513267,45,5
1425,https://openprocessing.org/sketch/827647,12,0
1426,https://openprocessing.org/sketch/742692,7,0
1427,https://openprocessing.org/sketch/91211,4,0
1428,https://openprocessing.org/sketch/1143448,13,0
1429,https://openprocessing.org/sketch/410679,9,0
1430,https://openprocessing.org/sketch/799071,6,0
1431,https://openprocessing.org/sketch/1051496,19,0
1432,https://openprocessing.org/sketch/666401,4,2
1433,https://openprocessing.org/sketch/1250327,62,0
1434,https://openprocessing.org/sketch/731481,5,0
1435,https://openprocessing.org/sketch/951283,6,0
1436,https://openprocessing.org/sketch/864000,4,0
1437,https://openprocessing.org/sketch/1818354,8,0
1438,https://openprocessing.org/sketch/77118,117,13
1439,https://openprocessing.org/sketch/1554833,10,0
1440,https://openprocessing.org/sketch/791104,5,0
1441,https://openprocessing.org/sketch/1185672,11,0
1442,https://openprocessing.org/sketch/952107,4,0
1443,https://openprocessing.org/sketch/901766,4,0
1444,https://openprocessing.org/sketch/1117990,4,0
1445,https://openprocessing.org/sketch/417103,5,0
1446,https://openprocessing.org/sketch/445145,5,0
1447,https://openprocessing.org/sketch/408655,12,0
1448,https://openprocessing.org/sketch/465833,6,1
1449,https://openprocessing.org/sketch/1247454,15,0
1450,https://openprocessing.org/sketch/576936,4,0
1451,https://openprocessing.org/sketch/1495432,9,0
1452,https://openprocessing.org/sketch/792509,9,0
1453,https://openprocessing.org/sketch/409948,5,6
1454,https://openprocessing.org/sketch/158956,27,0
1455,https://openprocessing.org/sketch/478363,9,3
1456,https://openprocessing.org/sketch/931254,15,0
1457,https://openprocessing.org/sketch/736509,108,2
1458,https://openprocessing.org/sketch/163908,4,0
1459,https://openprocessing.org/sketch/427748,5,0
1460,https://openprocessing.org/sketch/1606181,4,0
1461,https://openprocessing.org/sketch/620218,77,0
1462,https://openprocessing.org/sketch/868722,16,0
1463,https://openprocessing.org/sketch/1179825,6,0
1464,https://openprocessing.org/sketch/386266,11,0
1465,https://openprocessing.org/sketch/923056,8,0
1466,https://openprocessing.org/sketch/1555109,22,0
1467,https://openprocessing.org/sketch/983607,6,0
1468,https://openprocessing.org/sketch/1431880,9,0
1469,https://openprocessing.org/sketch/856969,75,7
1470,https://openprocessing.org/sketch/844500,5,1
1471,https://openprocessing.org/sketch/1626255,25,0
1472,https://openprocessing.org/sketch/14070,60,3
1473,https://openprocessing.org/sketch/1031685,14,8
1474,https://openprocessing.org/sketch/901796,14,0
1475,https://openprocessing.org/sketch/817239,15,0
1476,https://openprocessing.org/sketch/150534,6,2
1477,https://openprocessing.org/sketch/718305,9,0
1478,https://openprocessing.org/sketch/937166,6,0
1479,https://openprocessing.org/sketch/529916,33,0
1480,https://openprocessing.org/sketch/444914,43,0
1481,https://openprocessing.org/sketch/828934,10,0
1482,https://openprocessing.org/sketch/84553,25,2
1483,https://openprocessing.org/sketch/429433,6,1
1484,https://openprocessing.org/sketch/1248,35,6
1485,https://openprocessing.org/sketch/1011191,10,0
1486,https://openprocessing.org/sketch/155272,41,1
1487,https://openprocessing.org/sketch/1535682,18,0
1488,https://openprocessing.org/sketch/1256190,10,0
1489,https://openprocessing.org/sketch/896937,6,0
1490,https://openprocessing.org/sketch/374203,14,0
1491,https://openprocessing.org/sketch/499094,14,0
1492,https://openprocessing.org/sketch/150834,28,2
1493,https://openprocessing.org/sketch/1498206,19,0
1494,https://openprocessing.org/sketch/733852,8,0
1495,https://openprocessing.org/sketch/636003,7,0
1496,https://openprocessing.org/sketch/1220444,13,2
1497,https://openprocessing.org/sketch/766056,5,0
1498,https://openprocessing.org/sketch/132194,5,0
1499,https://openprocessing.org/sketch/1254525,8,0
1500,https://openprocessing.org/sketch/859475,10,1
1501,https://openprocessing.org/sketch/568729,6,0
1502,https://openprocessing.org/sketch/453789,47,5
1503,https://openprocessing.org/sketch/201504,55,4
1504,https://openprocessing.org/sketch/167870,10,0
1505,https://openprocessing.org/sketch/1548558,15,3
1506,https://openprocessing.org/sketch/386131,5,0
1507,https://openprocessing.org/sketch/874432,5,0
1508,https://openprocessing.org/sketch/822551,4,0
1509,https://openprocessing.org/sketch/102805,5,1
1510,https://openprocessing.org/sketch/374882,111,8
1511,https://openprocessing.org/sketch/976378,4,2
1512,https://openprocessing.org/sketch/424641,20,0
1513,https://openprocessing.org/sketch/404894,11,0
1514,https://openprocessing.org/sketch/868147,27,0
1515,https://openprocessing.org/sketch/432500,68,2
1516,https://openprocessing.org/sketch/745722,7,0
1517,https://openprocessing.org/sketch/730036,4,0
1518,https://openprocessing.org/sketch/117601,302,8
1519,https://openprocessing.org/sketch/1208299,16,0
1520,https://openprocessing.org/sketch/1802340,5,0
1521,https://openprocessing.org/sketch/398627,10,0
1522,https://openprocessing.org/sketch/1613636,8,0
1523,https://openprocessing.org/sketch/1637430,11,0
1524,https://openprocessing.org/sketch/74380,378,27
1525,https://openprocessing.org/sketch/1025917,5,0
1526,https://openprocessing.org/sketch/884619,8,4
1527,https://openprocessing.org/sketch/459922,5,1
1528,https://openprocessing.org/sketch/1034822,4,20
1529,https://openprocessing.org/sketch/659861,6,0
1530,https://openprocessing.org/sketch/1431808,5,0
1531,https://openprocessing.org/sketch/1445463,8,0
1532,https://openprocessing.org/sketch/775983,7,0
1533,https://openprocessing.org/sketch/915950,17,0
1534,https://openprocessing.org/sketch/1200633,16,0
1535,https://openprocessing.org/sketch/444881,57,0
1536,https://openprocessing.org/sketch/441933,6,2
1537,https://openprocessing.org/sketch/746380,4,0
1538,https://openprocessing.org/sketch/334077,37,3
1539,https://openprocessing.org/sketch/944829,30,0
1540,https://openprocessing.org/sketch/970603,5,0
1541,https://openprocessing.org/sketch/414383,8,0
1542,https://openprocessing.org/sketch/1773564,21,1
1543,https://openprocessing.org/sketch/194570,6,0
1544,https://openprocessing.org/sketch/1823740,6,0
1545,https://openprocessing.org/sketch/611472,100,5
1546,https://openprocessing.org/sketch/695597,4,0
1547,https://openprocessing.org/sketch/397534,6,0
1548,https://openprocessing.org/sketch/695578,33,0
1549,https://openprocessing.org/sketch/418343,8,0
1550,https://openprocessing.org/sketch/1225316,4,0
1551,https://openprocessing.org/sketch/177630,14,0
1552,https://openprocessing.org/sketch/670921,4,0
1553,https://openprocessing.org/sketch/1579063,27,0
1554,https://openprocessing.org/sketch/880261,5,0
1555,https://openprocessing.org/sketch/473618,8,0
1556,https://openprocessing.org/sketch/892849,7,0
1557,https://openprocessing.org/sketch/1431417,6,0
1558,https://openprocessing.org/sketch/563436,19,0
1559,https://openprocessing.org/sketch/942286,5,0
1560,https://openprocessing.org/sketch/1009347,10,0
1561,https://openprocessing.org/sketch/1248127,10,0
1562,https://openprocessing.org/sketch/1261264,19,0
1563,https://openprocessing.org/sketch/513387,7,0
1564,https://openprocessing.org/sketch/1304186,14,0
1565,https://openprocessing.org/sketch/1527186,4,0
1566,https://openprocessing.org/sketch/1777816,6,1
1567,https://openprocessing.org/sketch/964128,4,0
1568,https://openprocessing.org/sketch/677808,8,2
1569,https://openprocessing.org/sketch/1310942,6,0
1570,https://openprocessing.org/sketch/496424,4,0
1571,https://openprocessing.org/sketch/915944,10,0
1572,https://openprocessing.org/sketch/1219400,7,2
1573,https://openprocessing.org/sketch/831678,6,1
1574,https://openprocessing.org/sketch/740308,7,0
1575,https://openprocessing.org/sketch/774982,22,1
1576,https://openprocessing.org/sketch/49159,350,8
1577,https://openprocessing.org/sketch/559771,5,0
1578,https://openprocessing.org/sketch/678599,7,0
1579,https://openprocessing.org/sketch/373674,8,0
1580,https://openprocessing.org/sketch/62326,4,1
1581,https://openprocessing.org/sketch/923195,23,10
1582,https://openprocessing.org/sketch/1529340,7,0
1583,https://openprocessing.org/sketch/1153946,4,0
1584,https://openprocessing.org/sketch/1525891,4,0
1585,https://openprocessing.org/sketch/1273234,63,0
1586,https://openprocessing.org/sketch/479377,14,0
1587,https://openprocessing.org/sketch/1364848,4,0
1588,https://openprocessing.org/sketch/684132,7,0
1589,https://openprocessing.org/sketch/757030,6,0
1590,https://openprocessing.org/sketch/107211,5,0
1591,https://openprocessing.org/sketch/408882,302,10
1592,https://openprocessing.org/sketch/485805,4,0
1593,https://openprocessing.org/sketch/528119,59,3
1594,https://openprocessing.org/sketch/1149962,119,0
1595,https://openprocessing.org/sketch/452149,18,0
1596,https://openprocessing.org/sketch/1042121,81,9
1597,https://openprocessing.org/sketch/389018,5,0
1598,https://openprocessing.org/sketch/79572,9,0
1599,https://openprocessing.org/sketch/1615791,4,0
1600,https://openprocessing.org/sketch/565405,12,0
1601,https://openprocessing.org/sketch/113296,9,1
1602,https://openprocessing.org/sketch/1596725,21,0
1603,https://openprocessing.org/sketch/1079979,4,0
1604,https://openprocessing.org/sketch/1166100,28,0
1605,https://openprocessing.org/sketch/1248652,4,0
1606,https://openprocessing.org/sketch/69579,6,1
1607,https://openprocessing.org/sketch/172056,9,0
1608,https://openprocessing.org/sketch/1481252,8,0
1609,https://openprocessing.org/sketch/164165,8,0
1610,https://openprocessing.org/sketch/1321618,6,0
1611,https://openprocessing.org/sketch/1126219,6,0
1612,https://openprocessing.org/sketch/804236,9,0
1613,https://openprocessing.org/sketch/1043293,52,1
1614,https://openprocessing.org/sketch/919601,27,0
1615,https://openprocessing.org/sketch/1107920,5,0
1616,https://openprocessing.org/sketch/673939,9,0
1617,https://openprocessing.org/sketch/869572,4,0
1618,https://openprocessing.org/sketch/442932,5,0
1619,https://openprocessing.org/sketch/28555,8,2
1620,https://openprocessing.org/sketch/940385,15,0
1621,https://openprocessing.org/sketch/619724,11,4
1622,https://openprocessing.org/sketch/860836,6,2
1623,https://openprocessing.org/sketch/56800,32,1
1624,https://openprocessing.org/sketch/407253,11,0
1625,https://openprocessing.org/sketch/122397,6,0
1626,https://openprocessing.org/sketch/30079,7,1
1627,https://openprocessing.org/sketch/880483,86,0
1628,https://openprocessing.org/sketch/833834,4,0
1629,https://openprocessing.org/sketch/1191312,11,0
1630,https://openprocessing.org/sketch/744784,9,0
1631,https://openprocessing.org/sketch/424790,50,0
1632,https://openprocessing.org/sketch/802589,7,0
1633,https://openprocessing.org/sketch/1125699,15,0
1634,https://openprocessing.org/sketch/543622,20,0
1635,https://openprocessing.org/sketch/1031568,5,1
1636,https://openprocessing.org/sketch/115656,6,0
1637,https://openprocessing.org/sketch/417875,31,0
1638,https://openprocessing.org/sketch/1826190,12,1
1639,https://openprocessing.org/sketch/184990,9,1
1640,https://openprocessing.org/sketch/143673,255,1
1641,https://openprocessing.org/sketch/137086,36,1
1642,https://openprocessing.org/sketch/196305,10,0
1643,https://openprocessing.org/sketch/1157365,4,0
1644,https://openprocessing.org/sketch/816221,13,0
1645,https://openprocessing.org/sketch/789083,4,0
1646,https://openprocessing.org/sketch/11197,13,0
1647,https://openprocessing.org/sketch/678923,6,0
1648,https://openprocessing.org/sketch/100349,6,0
1649,https://openprocessing.org/sketch/1427313,5,0
1650,https://openprocessing.org/sketch/911799,4,0
1651,https://openprocessing.org/sketch/135141,25,0
1652,https://openprocessing.org/sketch/1540526,12,0
1653,https://openprocessing.org/sketch/1057180,4,0
1654,https://openprocessing.org/sketch/873778,4,1
1655,https://openprocessing.org/sketch/858895,6,0
1656,https://openprocessing.org/sketch/680967,14,0
1657,https://openprocessing.org/sketch/571639,27,0
1658,https://openprocessing.org/sketch/1193479,6,0
1659,https://openprocessing.org/sketch/854092,36,0
1660,https://openprocessing.org/sketch/1492226,25,0
1661,https://openprocessing.org/sketch/479962,20,0
1662,https://openprocessing.org/sketch/181118,4,0
1663,https://openprocessing.org/sketch/106047,9,0
1664,https://openprocessing.org/sketch/599215,10,3
1665,https://openprocessing.org/sketch/432124,4,0
1666,https://openprocessing.org/sketch/520387,111,14
1667,https://openprocessing.org/sketch/1177730,4,4
1668,https://openprocessing.org/sketch/1103710,47,0
1669,https://openprocessing.org/sketch/1662111,60,6
1670,https://openprocessing.org/sketch/1784923,13,0
1671,https://openprocessing.org/sketch/687126,6,1
1672,https://openprocessing.org/sketch/517891,21,0
1673,https://openprocessing.org/sketch/168535,4,0
1674,https://openprocessing.org/sketch/916565,5,0
1675,https://openprocessing.org/sketch/1154224,5,0
1676,https://openprocessing.org/sketch/756711,4,0
1677,https://openprocessing.org/sketch/106774,23,4
1678,https://openprocessing.org/sketch/486067,4,0
1679,https://openprocessing.org/sketch/807116,8,0
1680,https://openprocessing.org/sketch/1534141,13,0
1681,https://openprocessing.org/sketch/1622428,4,0
1682,https://openprocessing.org/sketch/758436,4,5
1683,https://openprocessing.org/sketch/157797,8,0
1684,https://openprocessing.org/sketch/218676,5,0
1685,https://openprocessing.org/sketch/430569,5,0
1686,https://openprocessing.org/sketch/170201,4,0
1687,https://openprocessing.org/sketch/647762,16,0
1688,https://openprocessing.org/sketch/939665,6,0
1689,https://openprocessing.org/sketch/1053677,7,0
1690,https://openprocessing.org/sketch/905937,6,0
1691,https://openprocessing.org/sketch/1154088,8,0
1692,https://openprocessing.org/sketch/445052,121,2
1693,https://openprocessing.org/sketch/380059,5,0
1694,https://openprocessing.org/sketch/462749,23,0
1695,https://openprocessing.org/sketch/957517,6,0
1696,https://openprocessing.org/sketch/92388,4,1
1697,https://openprocessing.org/sketch/629529,8,0
1698,https://openprocessing.org/sketch/680446,6,0
1699,https://openprocessing.org/sketch/1028106,7,0
1700,https://openprocessing.org/sketch/150832,10,0
1701,https://openprocessing.org/sketch/1043870,7,0
1702,https://openprocessing.org/sketch/256649,157,3
1703,https://openprocessing.org/sketch/1253473,21,0
1704,https://openprocessing.org/sketch/624877,23,1
1705,https://openprocessing.org/sketch/1296957,11,0
1706,https://openprocessing.org/sketch/1047912,6,0
1707,https://openprocessing.org/sketch/399194,19,0
1708,https://openprocessing.org/sketch/684335,44,0
1709,https://openprocessing.org/sketch/200313,49,0
1710,https://openprocessing.org/sketch/155121,51,1
1711,https://openprocessing.org/sketch/1399848,14,0
1712,https://openprocessing.org/sketch/136314,4,0
1713,https://openprocessing.org/sketch/906780,7,5
1714,https://openprocessing.org/sketch/1205873,5,0
1715,https://openprocessing.org/sketch/1259783,10,0
1716,https://openprocessing.org/sketch/467308,4,0
1717,https://openprocessing.org/sketch/49742,34,0
1718,https://openprocessing.org/sketch/215146,4,0
1719,https://openprocessing.org/sketch/657752,69,6
1720,https://openprocessing.org/sketch/1621097,5,0
1721,https://openprocessing.org/sketch/815389,182,5
1722,https://openprocessing.org/sketch/219297,49,0
1723,https://openprocessing.org/sketch/756707,11,0
1724,https://openprocessing.org/sketch/1627852,21,1
1725,https://openprocessing.org/sketch/434730,7,0
1726,https://openprocessing.org/sketch/1431431,22,0
1727,https://openprocessing.org/sketch/799852,6,0
1728,https://openprocessing.org/sketch/1633564,15,0
1729,https://openprocessing.org/sketch/1034179,7,2
1730,https://openprocessing.org/sketch/754217,7,1
1731,https://openprocessing.org/sketch/462218,58,0
1732,https://openprocessing.org/sketch/426991,5,0
1733,https://openprocessing.org/sketch/359677,9,0
1734,https://openprocessing.org/sketch/695478,56,0
1735,https://openprocessing.org/sketch/926242,6,0
1736,https://openprocessing.org/sketch/435516,5,0
1737,https://openprocessing.org/sketch/942861,7,0
1738,https://openprocessing.org/sketch/694850,5,1
1739,https://openprocessing.org/sketch/412675,5,0
1740,https://openprocessing.org/sketch/1477888,9,0
1741,https://openprocessing.org/sketch/1277833,70,0
1742,https://openprocessing.org/sketch/919248,8,0
1743,https://openprocessing.org/sketch/1472426,8,0
1744,https://openprocessing.org/sketch/735650,30,35
1745,https://openprocessing.org/sketch/976235,103,6
1746,https://openprocessing.org/sketch/214905,6,1
1747,https://openprocessing.org/sketch/179111,7,0
1748,https://openprocessing.org/sketch/1643245,4,0
1749,https://openprocessing.org/sketch/517875,57,4
1750,https://openprocessing.org/sketch/178557,18,0
1751,https://openprocessing.org/sketch/1476297,11,0
1752,https://openprocessing.org/sketch/3694,49,21
1753,https://openprocessing.org/sketch/463605,6,0
1754,https://openprocessing.org/sketch/769061,10,0
1755,https://openprocessing.org/sketch/631297,10,0
1756,https://openprocessing.org/sketch/316447,14,0
1757,https://openprocessing.org/sketch/1506862,4,0
1758,https://openprocessing.org/sketch/1516337,18,0
1759,https://openprocessing.org/sketch/493987,34,9
1760,https://openprocessing.org/sketch/894377,8,0
1761,https://openprocessing.org/sketch/857980,21,0
1762,https://openprocessing.org/sketch/414086,15,0
1763,https://openprocessing.org/sketch/872013,22,0
1764,https://openprocessing.org/sketch/1330072,7,0
1765,https://openprocessing.org/sketch/497929,4,0
1766,https://openprocessing.org/sketch/1508307,28,0
1767,https://openprocessing.org/sketch/526496,4,0
1768,https://openprocessing.org/sketch/442136,15,0
1769,https://openprocessing.org/sketch/122600,19,0
1770,https://openprocessing.org/sketch/966153,7,0
1771,https://openprocessing.org/sketch/948400,4,1
1772,https://openprocessing.org/sketch/955808,6,0
1773,https://openprocessing.org/sketch/724559,7,0
1774,https://openprocessing.org/sketch/371450,11,0
1775,https://openprocessing.org/sketch/1091922,370,0
1776,https://openprocessing.org/sketch/1124154,5,0
1777,https://openprocessing.org/sketch/420366,7,0
1778,https://openprocessing.org/sketch/1496688,48,0
1779,https://openprocessing.org/sketch/386044,7,0
1780,https://openprocessing.org/sketch/1154007,6,0
1781,https://openprocessing.org/sketch/185938,10,1
1782,https://openprocessing.org/sketch/1268851,4,0
1783,https://openprocessing.org/sketch/90883,4,0
1784,https://openprocessing.org/sketch/1365324,4,0
1785,https://openprocessing.org/sketch/440906,20,0
1786,https://openprocessing.org/sketch/370893,7,0
1787,https://openprocessing.org/sketch/387630,43,0
1788,https://openprocessing.org/sketch/100827,13,3
1789,https://openprocessing.org/sketch/1179689,48,0
1790,https://openprocessing.org/sketch/1366350,8,0
1791,https://openprocessing.org/sketch/231468,6,0
1792,https://openprocessing.org/sketch/761045,7,1
1793,https://openprocessing.org/sketch/402663,14,0
1794,https://openprocessing.org/sketch/699376,8,0
1795,https://openprocessing.org/sketch/547845,5,1
1796,https://openprocessing.org/sketch/134240,47,0
1797,https://openprocessing.org/sketch/158346,48,1
1798,https://openprocessing.org/sketch/161796,19,1
1799,https://openprocessing.org/sketch/442032,39,3
1800,https://openprocessing.org/sketch/386272,14,0
1801,https://openprocessing.org/sketch/805963,4,0
1802,https://openprocessing.org/sketch/460124,113,19
1803,https://openprocessing.org/sketch/627927,6,5
1804,https://openprocessing.org/sketch/1252009,15,2
1805,https://openprocessing.org/sketch/1010541,4,0
1806,https://openprocessing.org/sketch/1643288,34,0
1807,https://openprocessing.org/sketch/186210,6,0
1808,https://openprocessing.org/sketch/753523,5,0
1809,https://openprocessing.org/sketch/1425689,4,0
1810,https://openprocessing.org/sketch/315175,9,0
1811,https://openprocessing.org/sketch/710064,4,0
1812,https://openprocessing.org/sketch/829117,4,0
1813,https://openprocessing.org/sketch/596275,5,0
1814,https://openprocessing.org/sketch/444679,32,0
1815,https://openprocessing.org/sketch/52160,5,0
1816,https://openprocessing.org/sketch/883847,5,0
1817,https://openprocessing.org/sketch/1635224,38,0
1818,https://openprocessing.org/sketch/889683,12,0
1819,https://openprocessing.org/sketch/929507,6,0
1820,https://openprocessing.org/sketch/802559,4,0
1821,https://openprocessing.org/sketch/580683,5,0
1822,https://openprocessing.org/sketch/1212976,9,0
1823,https://openprocessing.org/sketch/427840,9,0
1824,https://openprocessing.org/sketch/1295374,16,0
1825,https://openprocessing.org/sketch/783832,4,0
1826,https://openprocessing.org/sketch/908334,6,0
1827,https://openprocessing.org/sketch/1491822,53,0
1828,https://openprocessing.org/sketch/64726,4,0
1829,https://openprocessing.org/sketch/227689,6,0
1830,https://openprocessing.org/sketch/1034762,12,0
1831,https://openprocessing.org/sketch/381786,30,0
1832,https://openprocessing.org/sketch/1202869,4,0
1833,https://openprocessing.org/sketch/385093,7,0
1834,https://openprocessing.org/sketch/394911,19,0
1835,https://openprocessing.org/sketch/198538,13,0
1836,https://openprocessing.org/sketch/1353605,4,0
1837,https://openprocessing.org/sketch/1217390,4,0
1838,https://openprocessing.org/sketch/879074,6,0
1839,https://openprocessing.org/sketch/1064532,4,0
1840,https://openprocessing.org/sketch/765243,11,0
1841,https://openprocessing.org/sketch/135315,6,0
1842,https://openprocessing.org/sketch/386864,4,0
1843,https://openprocessing.org/sketch/1573924,43,0
1844,https://openprocessing.org/sketch/1368816,6,0
1845,https://openprocessing.org/sketch/408436,6,0
1846,https://openprocessing.org/sketch/747148,4,0
1847,https://openprocessing.org/sketch/1177518,23,0
1848,https://openprocessing.org/sketch/1353672,8,0
1849,https://openprocessing.org/sketch/622327,28,0
1850,https://openprocessing.org/sketch/673579,7,1
1851,https://openprocessing.org/sketch/374249,67,4
1852,https://openprocessing.org/sketch/138975,84,4
1853,https://openprocessing.org/sketch/167670,4,0
1854,https://openprocessing.org/sketch/486307,2131,77
1855,https://openprocessing.org/sketch/105116,9,0
1856,https://openprocessing.org/sketch/155380,30,7
1857,https://openprocessing.org/sketch/208556,12,0
1858,https://openprocessing.org/sketch/1486899,10,0
